Date,Open,High,Low,Close,Volume,Returns,SMA20,SMA50,BB_Upper,BB_Lower,BB_Middle,MACD,Signal_Line,RSI,PriceRange,VWAP,VolumeRatio,Momentum1D,Momentum5D,Momentum10D,TrueRange,ATR14,UpperShadow,LowerShadow,BodySize,TrendStrength,VolatilityRegime
2023-03-08,0.9984103462505742,0.927849746694837,0.9720201369390074,1.0001113492720766,-0.9882440606298393,-0.1179469333077734,1.1211379464990383,1.2409766771534438,0.8167526052704022,1.3511377118793186,1.1211379464990383,-0.370616207071649,-0.36400709685411015,-1.4746919792995206,-0.8065492697844825,1.000000354283256,-0.45972097329522954,-0.1179469333077735,-0.2899748493846971,-0.3206122620259808,-1.2518923965570212,-2.41546088172261,-0.8941558881106282,0.018321107433161732,-0.97263430695546,-0.12671579640611907,-1.0
2023-03-09,0.9637348896956919,0.9182003366748441,0.8382951998056902,0.7927900817276792,-0.1686191065978161,-0.7305258167577294,1.0067366058168896,1.110971751935859,0.9214360662294272,1.0465877276407909,1.0067366058168896,-0.4328313624375193,-0.39798757399574425,-1.4746919792995206,0.06576403953595578,1.0000003496926793,0.04529136391244082,-0.7305258167577294,-0.2899748493846971,-0.3206122620259808,-0.12255065395389653,-0.6262678432919893,-0.4090454640396578,-0.9282882490145362,0.44504900734072605,-0.12671579640611907,-1.0
2023-03-10,0.7338113551723775,0.809377532656874,0.6576869784005048,0.7243900507796908,0.08339744319192843,-0.327258853874665,0.9434404119248478,1.039042376769221,0.8909202887770478,0.9638456989211113,0.9434404119248478,-0.5013926290327212,-0.43427878380155993,-1.4746919792995206,0.651558317101242,0.9078641796165898,-0.028778911562393095,-0.32725885387466513,-0.2899748493846971,-0.3206122620259808,0.24356787817893522,0.35681924071216153,1.601938805404211,0.5776804147703456,-0.9360480759834117,-0.12671579640611907,-1.0
2023-03-13,0.6532573724591311,0.5981651233805616,0.6310480407236241,0.6135710723783454,-0.25543652333152167,-0.46110356089962967,0.8812169672291681,0.9683320666783826,0.881725906498876,0.8623311300156431,0.8812169672291681,-0.5868741208339161,-0.4757683943659624,-1.4746919792995206,-0.6719314892208859,0.6851552188409549,-0.3864830520662901,-0.46110356089962967,-0.2899748493846971,-0.3206122620259808,-0.4914864814181408,0.2660969842200871,-0.5413489615234424,-0.5625512466926275,-0.6708066536309225,-0.12671579640611907,-1.0
2023-03-14,0.6948678309723069,0.6887611115440313,0.7216186009184462,0.7238597571045828,-0.4492379530948696,0.23028542696314402,0.8682261306923691,0.953569366150486,0.8442058373553778,0.875660737018539,0.8682261306923691,-0.6182857287375516,-0.5075246778393726,-0.8505673077790076,-0.6811571720849099,0.7806824581895329,-0.5509622413041868,0.2302854269631438,-0.2899748493846971,-0.3206122620259808,-0.42108058430574624,0.2562806797885764,-0.23265211564480415,-0.6916345639680572,-0.7531204235556977,-0.12671579640611907,-1.0
2023-03-15,0.5871079125181955,0.539733297380135,0.4024907820468917,0.5398689313256919,-0.043709230194007964,-0.6877365229259531,0.8257230936587914,0.9052691966059456,0.839863844517011,0.8044392840397037,0.8257230936587914,-0.6952874281801802,-0.5427143818562064,-1.019236338593562,0.609625906341813,0.6235428766051656,-0.21814868128379683,-0.6877365229259532,-0.8335867829836986,-0.3206122620259808,0.7138934872746787,0.8491085508680398,-0.4090522309643313,1.5171222392125885,-0.6022083370542791,-0.12671579640611907,-1.0
2023-03-16,0.45427504019441955,0.6474837022358604,0.4946597355015283,0.676668993221669,-0.2726594116714066,0.31971979579524823,0.8169315646330868,0.8952785612976544,0.8128961899295968,0.8149884038591451,0.8169315646330868,-0.7108640308034182,-0.5702806217667195,-0.6250248105528229,0.7723263483596914,0.7371582686685136,-0.43513793873320483,0.319719795795248,-0.4320221337758854,-0.3206122620259808,0.25483326164041875,1.0647628210604725,-0.1268080258650358,-0.8709166690902335,0.9023662921048743,-0.12671579640611907,-1.0
2023-03-17,0.6639271601573082,0.6045979512488471,0.58043549318297,0.6554597261565942,-0.4658457382797586,-0.18417266272542332,0.8074120619978502,0.8844606616050184,0.7905602242170728,0.8197539806578704,0.8074120619978502,-0.7255551545106447,-0.5929612895910698,-0.6465081109659603,-0.2533861908906557,0.6919381934507478,-0.5972418387035501,-0.18417266272542343,-0.37529915163399974,-0.3206122620259808,-0.4238985696485953,0.9576782820413596,-0.6119184085372675,0.6852506816469655,-0.9406222310756397,-0.12671579640611907,-1.0
2023-03-20,0.6516568827657911,0.6962657045079004,0.676865942338758,0.6872732134309989,-0.7780545253798152,-0.018238414810490156,0.8039090948640171,0.8804799129742928,0.7731020795288277,0.8304671187063812,0.8039090948640171,-0.7234734786520833,-0.6103491505325682,-0.5740350905140252,-0.29023378099569197,0.7885955353887089,-0.8623213915276253,-0.018238414810490267,-0.19694925660410956,-0.3206122620259808,-0.4520612994812967,0.8644752767571535,0.49942103443812025,-0.6701216080152737,-0.6982445886235158,-0.12671579640611907,-1.0
2023-03-21,0.7855571686803118,0.7707803096874994,0.7594454092952478,0.7164364722994858,-0.7005075919106906,-0.02705413253571376,0.8043252196281709,0.8809527943979059,0.7608377126851471,0.8430989895902965,0.8043252196281709,-0.7090697518420288,-0.6226860428785892,-0.5121015631507964,-0.37732646151548666,0.8671660622768578,-0.7625442355414174,-0.02705413253571387,-0.29916449232983,-0.3206122620259808,-0.38164973590055484,0.8122231927156509,0.11133952848999784,-0.8996024610720812,-0.42385483414643865,-0.12671579640611907,-1.0
2023-03-22,0.7551493309696089,0.6726788391423923,0.6358430006060201,0.5870592818853984,-0.47762057010396564,-0.5191254624026285,0.7916854584263271,0.8665890535534748,0.7500689130131777,0.831109654478096,0.7916854584263271,-0.7327526338191797,-0.662244148934523,-0.6331074845035551,-0.1826564802057703,0.7637248078992314,-0.5810360272897355,-0.5191254624026285,-0.2296224395575619,-0.6933705623627142,-0.3591225443485102,0.7759604637921553,-1.0,-0.9856598400379358,0.4313298688283844,-0.12671579640611907,-1.0
2023-03-23,0.6383202556805325,0.6742870059041914,0.5905574356994541,0.6109196040028055,-0.460968848979434,-0.042252656073715644,0.7833467064878139,0.8571129511257387,0.7380709531603986,0.8279454950109995,0.7833467064878139,-0.7400204300488846,-0.695800059962125,-0.5884709176239566,0.18938484145489642,0.7654205091579849,-0.5385850892460767,-0.042252656073715644,-0.37204344189113736,-0.49059476821080084,-0.11128585845928085,0.8111819556115971,0.9580720645194569,-0.053390773145140735,-0.7759877034058569,-0.12671579640611907,-1.0
2023-03-24,0.5390956201130672,0.5547429170983063,0.4914626007437013,0.6310686970408717,-0.41250750755368637,-0.054296975996487085,0.7780013643772117,0.8510385397839868,0.7267189289005136,0.8294674824191386,0.7780013643772117,-0.7354582850374208,-0.7213683081702538,-0.5523228576227287,0.06925953926801154,0.6393694884056982,-0.43962468483937844,-0.054296975996487085,-0.32053357812683236,-0.40887220349218256,-0.21549011449812983,0.8155864990204793,-0.8941626317683917,0.3123462254965401,-0.21805995477602724,-0.12671579640611907,-1.0
2023-03-27,0.6388543140964067,0.5917324575898923,0.5958859086538131,0.6183433021311098,-0.7680371311413108,-0.15800248008939288,0.7724165050183476,0.8446919426290014,0.7165857752926483,0.8293823891856913,0.7724165050183476,-0.731544981312116,-0.7371714829389429,-0.5631316966060487,-0.45721826243506203,0.6783724151308625,-0.7753192435449375,-0.15800248008939288,-0.3758535224780316,-0.31601007918213464,-0.5731626702357246,0.7384113477954615,-0.4090522131225178,-0.024710371096466233,-0.8354376907823686,-0.12671579640611907,-1.0
2023-03-28,0.6367201944515128,0.6174638514919151,0.6358432858508309,0.6644734786638076,-0.6817469456833158,0.027584081516023318,0.7709702878990083,0.8430484710811419,0.7080705184943956,0.8350733812489379,0.7709702878990083,-0.7105226236572593,-0.7472470141531712,-0.4857080345713386,-0.5633285037683217,0.7055044004856201,-0.6590066037463438,0.027584081516023096,-0.35438559137326664,-0.3767828290389642,-0.6492021318478822,0.5725163484072691,-0.41786752970679597,-0.3187302065712846,-0.7668428796805302,-0.12671579640611907,0.5753118001038413
2023-03-29,0.7274094642624418,0.8013366274606855,0.7770266951235854,0.7620367684802831,-0.09818979535078676,0.18734704766601618,0.7764343620262222,0.8492578086995306,0.7099728668007355,0.8429259249991115,0.7764343620262222,-0.660900715807983,-0.7434907689525673,-0.34109609538402885,-0.2738132357316351,0.8993855980499368,0.012327342513065664,0.18734704766601595,-0.0680770011454731,-0.10352078040668711,-0.10001879315764506,0.660756665703635,0.9845315965840467,-1.0,-0.7028152201832758,-0.12671579640611907,0.5944682545917195
2023-03-30,0.8282342910625127,0.7680999079422934,0.7621091193306184,0.7593853001047433,-0.5797276938332834,-0.12610388418129392,0.7810834746103548,0.8545410294225078,0.7108387430994909,0.8503372364962218,0.7810834746103548,-0.6195107477393335,-0.7335117594050792,-0.11472919048901442,-0.4229460944868396,0.864339762964325,-0.5039242742972541,-0.12610388418129392,-0.10249572944335628,-0.24172687119727165,-0.525283767398155,0.5575679790842658,-0.6383710213392552,-0.3545833288088893,-0.4284289734023322,-0.12671579640611907,0.5416903425296646
2023-03-31,0.7850235076492973,0.8410054416806345,0.8345653707967036,0.9136829866632465,0.22570595169419172,0.3569506992930047,0.7946763029015727,0.8699878293896954,0.7423192114793056,0.8439329075944364,0.7946763029015727,-0.537943025824902,-0.7130178793759812,0.17064022545044066,-0.415662792671492,0.941213634671445,0.3058978874278371,0.35695069929300494,0.06563164640139862,-0.0734280646592601,-0.39573481231465446,0.5228689204103716,-0.8853406036791476,-1.0,0.11120915164371215,-0.12671579640611907,0.48407609429975684
2023-04-03,1.0987016513061736,1.1160104174846057,1.0077153925025737,0.9889764220644313,0.22333341095349346,0.1077654080587882,0.8112117229298907,0.888778571101329,0.7864218381762997,0.8305106086607557,0.8112117229298907,-0.4495349834322614,-0.6830941068794256,0.4218630239238237,0.21945900813902197,1.0000001042260922,0.13119538032987732,0.1077654080587882,0.17743605448552358,-0.03341670424426424,0.22948809686834437,0.7569371695899088,0.6140873536857965,-0.5553783885983461,-0.09001502715113341,-0.12671579640611907,0.5822215005269933
2023-04-04,0.9632014292299906,0.887643994582094,0.8899734594296527,0.9237573265206758,-0.4303894349882098,-0.3110089961872492,0.8224947651694223,0.9016005455102885,0.8062308218949386,0.8313254045115943,0.8224947651694223,-0.3989416988106377,-0.649217154696184,0.2038503532055218,-0.5084192522009445,0.9903907814326245,-0.5412254634902682,-0.3110089961872493,0.03435837659428387,-0.1242638868528465,-0.45487438643149825,0.6706705872679515,-0.9029779194492544,0.14740437464672884,-0.6890962643103662,-0.12671579640611907,0.556085090220515
2023-04-05,0.8890498691946549,0.836180914449487,0.7637074764867016,0.7381760330396685,-0.3863216875267186,-0.6733338938727647,0.8229503682103452,0.9021182897859314,0.8003425066760201,0.8378441708510287,0.8229503682103452,-0.41467148224195516,-0.6144714428618491,0.2012630513550946,0.035185592004977506,0.9361265024827441,-0.5070740493724812,-0.6733338938727647,-0.3193181790875468,-0.17419114748531295,-0.13381743929601875,0.7315446049258707,-0.5237183405316869,-0.6629487607973994,0.2758437600598811,-0.12567024609342015,0.6379181546835486
2023-04-06,0.7386122239435369,0.6860812310293305,0.7067013935510702,0.7657484108828316,-0.8104792488360271,-0.0327720629630337,0.8106338800415451,0.904160767131553,0.7591758570000584,0.8559068420510705,0.8106338800415451,-0.41821912190255517,-0.5793193583534724,0.06681850331221906,-0.597538816543809,0.7778567084787233,-0.8938671185874094,-0.0327720629630337,-0.2821460665359511,-0.17123010104629255,-0.6632823634538798,0.5606166317534667,-0.9735406552517785,0.0972056383270763,-0.7668393776765113,-0.12125389779902684,0.541574017395742
2023-04-10,0.7348777346987672,0.779357283165151,0.7823544825901327,0.8081665316897735,-0.595061336768538,0.012464038526907917,0.8114419594475208,0.9083386052739724,0.7609853507163595,0.8555862233786979,0.8114419594475208,-0.40772685066001524,-0.5435194943204538,0.1585391708729027,-0.47297511675499637,0.8762098909815863,-0.6661803393434946,0.012464038526907695,-0.41642011044351135,-0.15035368357941536,-0.5731626876625021,0.45055232440666537,-0.14444533359314937,-0.9713196783102636,-0.36897548613301134,-0.11174170498637348,0.47375742061159065
2023-04-11,0.8378364772862053,0.7723883640716969,0.7461261241453985,0.7053015450918405,-0.7058677765470833,-0.4318951024692921,0.8104388001763483,0.906792995552878,0.7601356716864824,0.8546298456914085,0.8104388001763483,-0.429952308387082,-0.510574907529193,-0.04393957717595465,-0.2798222484825732,0.8688616450411586,-0.7821107370754936,-0.4318951024692923,-0.6256562036482688,-0.23682354253596283,-0.4182647711529389,0.4206036854864348,-0.7265710874016227,-0.8709166703903245,0.12035047296822388,-0.11717535153427627,0.48455850571930936
2023-04-12,0.7098052169351698,0.6528444358082861,0.6241224152577893,0.603496732520916,-0.6139537908148403,-0.43424175046998403,0.8099093628492895,0.900263935969053,0.7605930585053722,0.8532466785859663,0.8099093628492895,-0.4772398846647087,-0.48509218154946254,-0.21490493214791162,-0.23142285887689718,0.7428107935698707,-0.6953318162443856,-0.43424175046998403,-0.6731074957562426,-0.378889694205952,-0.40136757276523594,0.4017868346935609,-0.5766370417685893,-0.6055826556621524,-0.09915640412559257,-0.1362886939559399,0.501405322197289
2023-04-13,0.6868663632822891,0.7841823540425887,0.720020552837243,0.8261948633506151,-0.46277022250477917,0.5864736710952769,0.815287385219186,0.9049792112181814,0.7702037425979116,0.8534713528880402,0.815287385219186,-0.4462438640057945,-0.4616440612223025,0.21577915950487725,0.02735107074817633,0.8812975964079144,-0.5104496450734465,0.5864736710952769,-0.18128298817227395,-0.26032893532225954,0.13373500251293313,0.6115461165978493,-0.3649488130409828,-0.7776864644152215,0.19809715226781077,-0.12132034185912244,0.5517435283626735
2023-04-14,0.807963018777129,0.8184910271534473,0.8335004854080181,0.8649017550782161,-0.9170678384088863,-0.00017620014095232062,0.8323688527743107,0.9111431272995392,0.7780377442585,0.8761896054961864,0.8323688527743107,-0.40948180596421413,-0.4387014723527546,0.22969958162083848,-0.572665773855084,0.9174737328399099,-0.9606977744256424,-0.00017620014095232062,-0.168116793266461,-0.22142289063319875,-0.637936589039307,0.46732588648871,-0.44432683397680695,-0.6772943849008826,-0.5061720707952052,-0.10230226394163089,0.4680916930692176
2023-04-17,0.9141218849291088,0.9058698199287636,0.9283324091068761,0.8834591404445435,-0.8879822463655093,-0.06185505139746039,0.8432363065585986,0.9176979620658368,0.7944245742624483,0.8795854668779428,0.8432363065585986,-0.3746678147553685,-0.4208660444898279,0.22822373311549815,-0.6439094568480224,0.9999999978647147,-0.8562482943168835,-0.06185505139746039,-0.19811475259902367,-0.34828500948276686,-0.6154092427814601,0.3518522508487294,0.2083615495574065,-0.9139480971702103,-0.7622687397670661,-0.08263319781467249,0.404855498091399
2023-04-18,0.9498649334943747,0.959477508063246,0.9746834838816292,0.9264087948962156,-0.3565331204490605,0.01146537650526902,0.857475507613231,0.9256581485899713,0.8155235429108008,0.8843957324414466,0.857475507613231,-0.3344569376752107,-0.4082954517448437,0.28481578516080663,-0.5998626809175167,0.9999999972510067,-0.12396929778694488,0.011465376505268798,-0.015368280093564501,-0.37718096376135646,-0.43234213995181703,0.32911629169921386,0.49942117866267255,-0.9569685734245095,-0.826292875998092,-0.0586448324271055,0.3832499966837861
2023-04-19,0.8789136589409257,0.9423229859173574,0.9139477426717804,0.9248179138708919,-0.49936886022703453,-0.12270582144206577,0.869959207095057,0.9330211497727929,0.8343652847063814,0.8882793716427857,0.869959207095057,-0.30384216907516115,-0.397907219561374,0.24130685831886578,-0.28006106887322535,0.9999999951341261,-0.2980533553538388,-0.12270582144206577,0.11631783874396762,-0.31964284134428633,-0.4126309326034704,0.3177392772080081,0.5964431949994533,-0.8063722666218691,-0.5976341868439669,-0.03769419360678894,0.3778846764699242
2023-04-20,1.0805636935649856,1.1063607880173776,1.0130426746965724,1.008064514429074,0.7800457021644163,0.13113974669120498,0.885285151355979,0.9432769532644409,0.8666678668078134,0.8841536395907243,0.885285151355979,-0.2556356779431128,-0.38053488485965026,0.2278487388690249,0.12184558829306913,0.9999999968163558,1.002152844101019,0.13113974669120476,-0.06877058886064369,-0.06597264902178379,0.11964995062650119,0.5327543241644093,0.7552060130171148,-0.36892349151536785,-0.41013586022978366,-0.006080212831990006,0.46575516034163056
2023-04-21,0.9664014409231252,0.9782391109981803,1.0002557223850341,1.0303335421979498,-0.5719949684561921,-0.052234723803053384,0.9085805675177505,0.9537645338427132,0.891761920235578,0.9011621580742686,0.9085805675177505,-0.21249465393174982,-0.3580624967727062,0.25249791250912934,-0.6505372390650119,0.9999999989089965,-0.5581817632302778,-0.052234723803053495,-0.09008701686971488,-0.07216598248558781,-0.6801817678226154,0.3811921535180318,-0.5678150611197341,-0.7920321247262585,-0.43757384875308003,0.02533118136092294,0.3852860273695704
2023-04-24,1.018680887148451,1.0093313941945148,1.0236976801870936,1.0499523415609082,-0.6875025537764917,-0.060268181496798245,0.9316530787049482,0.9643621009576135,0.9167928677186019,0.9178362737583992,0.9316530787049482,-0.17460924487029705,-0.33259780917925363,0.11346241081209674,-0.6053177411979916,1.0000000029812885,-0.6779710540933124,-0.060268181496798356,-0.08943689019968737,-0.09522698340530844,-0.6407535918743921,0.26649567315006406,-0.38259293949681905,-0.40478763081975666,-0.716534221243483,0.05611711390954022,0.3241789311841756
2023-04-25,0.9989427734688936,0.9262400292998887,0.9267338269998786,0.8988355904066379,-0.6029258699645569,-0.5607902620798602,0.9457250467251574,0.9687621191190008,0.9160443316344737,0.9435363348190451,0.9457250467251574,-0.19250935244233358,-0.306660640367332,-0.18142903590567672,-0.5026075402088049,1.0000000000110205,-0.5934367730037868,-0.5607902620798603,-0.3229463875951365,-0.1369645603948717,-0.32532530620028544,0.3003524796213686,-0.8588812735800645,-0.684467255851737,-0.16775481054238006,0.05830904699952866,0.37512945884779914
2023-04-26,0.9130551280647006,0.867808800255444,0.8137872601446792,0.783245208898943,-0.8141698677660024,-0.465329424774484,0.9543911455446956,0.9687688077709304,0.9055279109024812,0.9691147455768696,0.9543911455446956,-0.2432509433583374,-0.2811007721175517,-0.23679541990229147,-0.10223892675180069,0.9694759330560221,-0.8124100781320667,-0.465329424774484,-0.45931022646017194,-0.14695815756709307,-0.2746323701844241,0.3511115205199722,-0.4002302376000614,-0.72749318916475,0.09291599940890505,0.040718707880217364,0.4287322271379046
2023-04-27,0.8885165299272413,0.8104499593629966,0.7322746041478605,0.8240741019733906,-0.4363647227795985,0.007199642072844847,0.9627786457281111,0.9701974898112742,0.8988320958895313,0.9904936866777165,0.9627786457281111,-0.27220484164845693,-0.2620895553611595,0.04811615743481057,0.07685325894867279,0.9089949798287884,-0.3887168916877506,0.007199642072844847,-0.50700705255741,-0.3225830742289323,-0.1450822096912492,0.44983433494989655,-0.9382592839252185,0.9219044986753226,-0.46958583188461467,0.03168404618385812,0.46937775732324916
2023-04-28,0.8132981774682215,1.0002198069596142,0.8526807404218304,1.039348947997993,-0.25570013896937704,0.5372923659770157,0.9773522476873993,0.9788458309213479,0.920892587155814,0.9949649935002742,0.9773522476873993,-0.2314090676484547,-0.24263771415525848,0.24647176310585506,0.5854239669162125,0.9999999793065986,-0.27307072305153257,0.5372923659770155,-0.2793795585958134,-0.15956565992202465,0.21540533988525512,0.6876909224497918,-0.3561267095414351,-0.8637493009370127,0.9526718218763901,0.060041955106519884,0.5348193135957766
2023-05-01,1.1339105568227987,1.1529994507832209,1.1185311694792843,1.1093390333248907,-0.1483207024829517,0.08751592252726326,0.9957433851447839,0.9893489264662418,0.9534090308741847,0.9960718087931792,0.9957433851447839,-0.1800296088684824,-0.22137633799334588,0.27057902035258175,-0.29386974120827125,1.0966580034190785,-0.25338857201042064,0.08751592252726326,-0.22040664337463955,-0.11273937685546742,-0.243655899513483,0.6998916081199722,0.6405466929293935,-0.419127704842873,-0.8262928718040718,0.096899222913579,0.5232594070729322
2023-05-02,1.07096064944363,1.0125476482181126,1.0023868485186371,0.9820821909648201,-0.6017835355338502,-0.48725635084003405,0.9993379722255138,0.995221148669263,0.9598373077403877,0.9962174740452905,0.9993379722255138,-0.18013555133335724,-0.20451898447484518,0.23709856494390302,-0.4436319303103282,0.9999999873976853,-0.6779504697646229,-0.48725635084003405,-0.1899663503836082,-0.2697471665258556,-0.40981122361522104,0.6402691400563076,-0.6295557662723248,-0.5768969048930732,-0.2683651716186092,0.10721717708310807,0.5257842852770891
2023-05-03,0.910921472098585,0.8431498255625753,0.7818215246157023,0.7768829247672695,-0.32687636119033003,-0.7260770661165834,0.9881918111981187,0.994366045659212,0.9499238427833159,0.9860494400624267,0.9881918111981187,-0.2439676372050067,-0.19797856791680513,0.10836893792252655,-0.049104452020547806,0.9434747400084251,-0.42064133733670017,-0.7260770661165834,-0.2977704323332723,-0.45580683441849423,0.08021860960945681,0.7956214672796862,-0.7706744762385898,-0.3832691379682329,0.12949878610780652,0.08017235042377124,0.6601090754571663
2023-05-04,0.7402126617665616,0.7520174738117669,0.7823544280328569,0.7726409886896131,-0.699145577781771,-0.13096336259968788,0.9802501861280426,0.9934228993615717,0.9458450881552789,0.9759104400985001,0.9802501861280426,-0.2966947842145179,-0.2024636745243723,-0.13401288394922983,-0.6713500067574811,0.8473819421420337,-0.6712402386446705,-0.130963362599688,-0.3525545723226511,-0.5327896158964036,-0.7167951289337076,0.5935421309884004,-0.0033266005978030977,-0.89960246126697,-0.7211118379268593,0.0550295919652688,0.5567745068334098
2023-05-05,0.8538410064466719,0.830820347974282,0.8308363944324033,0.8537668278705708,-0.7359199592625968,0.13117092071725556,0.9863248354166283,0.9949471205713465,0.944413775713723,0.9880794132139861,0.9863248354166283,-0.314502537860589,-0.21360654332451,-0.08196898395890784,-0.4727929989352314,0.930474153773915,-0.6989088563885779,0.13117092071725533,-0.507754402370907,-0.47915874746329545,-0.5196504232892072,0.5016953268438915,-0.056245236876403704,-0.02470488193282583,-0.9955015746129047,0.046803028301402705,0.4884108951991808
2023-05-08,0.9194573796377392,0.9010458955152365,0.9048910057691399,0.9587529891689357,-0.6144810220905511,0.19998765287311948,0.9964678154514532,0.9994624785161936,0.9506446874445322,1.0000382073328757,0.9964678154514532,-0.29758859763306733,-0.22704023825261332,0.013440377062818198,-0.51310723065207,0.999999954598513,-0.5649068542038285,0.19998765287311948,-0.46466890894895696,-0.40223921947451347,-0.5816091060625391,0.39591879667925456,-0.6471930393066094,-0.13944259898017297,-0.6525135169866022,0.058028350616788016,0.4092529176181354
2023-05-09,0.884248042691202,0.8645926099586831,0.785017856079514,0.9025476461323938,0.05466333866569184,-0.2851674678573106,1.0014278312601812,1.0021705620777377,0.9526540046292253,1.0068924426516945,1.0014278312601812,-0.30203585142186784,-0.2390044057391063,-0.0947438562193853,0.08547917852167752,0.9660846815613655,0.09275106037207781,-0.28516746785731073,-0.38419866620064447,-0.31720500361810444,-0.060589971306967305,0.5243631279422638,-0.3120234459695489,1.0007888434477232,-0.8354411909547969,0.05758105644616118,0.4876224301776073
2023-05-10,1.0000106790558698,0.9192724090350168,0.7573147772702336,0.8919438392462713,0.7935779715743259,-0.14979446354643267,1.0112364538331442,1.004462760678423,0.9467837778724177,1.029992901815267,1.0112364538331442,-0.30948381193401153,-0.2462393775507984,-0.10425578812363834,0.6277578157787072,0.9999999482927528,0.5479024858705848,-0.14979446354643278,-0.1488382211289191,-0.21885163090251325,0.2942615760012144,0.7855972958466537,-0.9911779750328161,1.5027768118686864,-0.09915982670215129,0.0549732693542746,0.6227185337851653
2023-05-11,0.8346359331245718,0.768636001181416,0.6299828518829684,0.6480364413514974,0.5599266445551727,-0.8518136060578432,1.0135771515587488,1.0000054295099376,0.9383335386742904,1.0423416551466764,1.0135771515587488,-0.38921008182978545,-0.25902048808906475,-0.41363012027289103,0.5248537687589341,0.864905036418536,0.18303163733977712,-0.8518136060578432,-0.4429298628158925,-0.48426248244566805,0.40409991273619883,1.0584041431590796,-0.7353931061239816,-0.0820765136389825,0.5868161925461275,0.007744439600396058,0.8367910739159743
2023-05-12,0.6404540469073894,0.6190716034190957,0.5756398868179973,0.5679707761975481,-0.255612267090092,-0.36921407490998703,1.0000066871492375,0.9936013137893203,0.9674604491087875,0.990011740937317,1.0000066871492375,-0.47548873791835977,-0.28568262083652707,-0.49484606455627334,-0.10676328249154887,0.7071996643297962,-0.5091281331198074,-0.3692140749099869,-0.6359509628444571,-0.7432522848435567,-0.3225091518559394,0.9878629071662435,0.014317376741414645,-0.433467944695755,-0.3872686501207293,-0.049347932123826155,0.8252755318934737
2023-05-15,0.6004440327455314,0.5456295896705614,0.5974834634474653,0.5849381071849664,-0.354160579708362,-0.06393605275257308,0.9852937424290935,0.9879073571587305,0.9851539392120421,0.9467417600860408,0.9852937424290935,-0.5367991111729701,-0.324654468922726,-0.49803423361697585,-0.8039660885220916,0.6297601113449689,-0.5772732238363361,-0.06393605275257319,-0.7345577597973899,-0.7854239560362437,-0.8238141899907294,0.7149385493158689,-0.5325336964701401,-0.4980123500364083,-0.8765980880236447,-0.097245201897881,0.6738180964327136
2023-05-16,0.5470979694217692,0.4909509949434767,0.44457946261279746,0.4438969358577478,-0.37459079164215403,-0.5655540390231658,0.9621934061325195,0.9788359019284543,1.018185580910587,0.8737121352904087,0.9621934061325195,-0.6252656057717463,-0.3732784144901613,-0.49153156340038007,-0.057045329752109186,0.5721052933820225,-0.611652363949935,-0.5655540390231658,-0.8406306164617815,-0.8077557158890791,-0.24647227011575978,0.722316373170039,-0.5501709745004411,-0.34741052633402103,-0.1174530190991937,-0.16648208722777913,0.7210703998463011
2023-05-17,0.6212489850375638,0.7879338660625175,0.6235887970507374,0.7551425373806719,1.0,0.8953163617475346,0.9531928412441351,0.9779342147588588,1.0110255637662697,0.8646818367601821,0.9531928412441351,-0.5982731074978054,-0.41198110313134384,-0.0920295193852908,0.7872868802930479,0.8852533078462639,0.3526115993346588,0.8953163617475344,-0.45451299395124145,-0.3409873446363526,1.001152267649589,1.2558001013209288,0.8786939097897211,-0.3617562338715645,0.1477917689534498,-0.1694780489430865,0.9051633512867758
2023-05-18,0.7594175059050692,0.7552342304831066,0.7461262531000978,0.8283156247278396,-0.34102373375523554,0.10743074587280388,0.9481213512267221,0.9788672855218128,1.0047144844031837,0.8618013917763088,0.9481213512267221,-0.5525722053428259,-0.4399319675423665,-0.06548788848047993,-0.3881364673161467,0.8507737908397346,-0.6938033740373466,0.10743074587280388,-0.06381310859135558,-0.2683958057615661,-0.5083866018355796,1.080410912356132,-0.8765185770472781,-0.15378825828194753,-0.4055617157676611,-0.1600692814926219,0.7914492238367592
2023-05-19,0.8090295147392215,0.7530895833562339,0.8089925587837452,0.8272546240544163,-0.5773112171529423,-0.12117399470962176,0.9386192392848469,0.9746165699013594,0.9879505752851767,0.8611943374017323,0.9386192392848469,-0.5150114788782278,-0.461834635620186,-0.26416046451721364,-0.8636984070994154,0.8485124079290773,-0.8768757313684783,-0.12117399470962176,0.03995937061961263,-0.3451342629308567,-0.8519768452613196,0.7832488153911576,-0.8941559019606822,-0.33307039581608044,-0.8400153442914959,-0.15191828278752428,0.6394668050477359
2023-05-22,0.8405302962340098,0.8202652053382111,0.7805338487762805,0.7411618798900037,-0.6598229118016767,-0.37984778760853777,0.9234223852854626,0.9733469820173426,0.9642867509617958,0.8571717468281554,0.9234223852854626,-0.5097736489654351,-0.48501274791194215,-0.4043093956259983,-0.1862015379812697,0.9193444817277869,-0.9358357661059623,-0.3798477876085379,-0.09178456511382649,-0.5183354057395013,-0.34862415565651894,0.738362031976443,0.01662201376525063,-0.8490560479506227,-0.16584637936550384,-0.15683837923871558,0.6406157094233407
2023-05-23,0.6769193430555007,0.5940667334528247,0.411555371588028,0.3941332350087021,0.2821636341348859,-1.189410601257141,0.8889570883309259,0.965225644512012,0.963608771830776,0.7966620680550265,0.8889570883309259,-0.6082241168038418,-0.5184593359391301,-0.5377451580803725,0.9082651551363095,0.6808337485031701,-0.2598785081123035,-1.189410601257141,-0.3547362050837599,-0.7869882231959683,0.7578759345140955,1.1669282797844684,-1.0,-0.5759355419028128,1.4246546217641192,-0.20993710995963089,0.9830001042159082
2023-05-24,0.3325870745921211,0.32810856142908396,0.3474780295032853,0.3521499302159563,-0.3921651674991795,-0.2558802438665725,0.8602270872818341,0.9587970434199395,0.9795327629954405,0.7302313419081417,0.8602270872818341,-0.6952486852438395,-0.5605985040645254,-0.442151046305572,-0.5094841511611927,0.40039914570619484,-0.682451736687874,-0.2558802438665726,-0.7861565863406941,-0.8166612046898584,-0.6450094215747153,0.9456690028469257,0.016622119414490877,-0.525617206972151,-0.8533810137507114,-0.2620111653699815,0.8750635436114995
2023-05-25,0.35557837047679675,0.35551057483823745,0.36136171520764426,0.3484300213492597,-0.6153158049437598,-0.1302639508037512,0.8373762212281941,0.9495648597131827,0.9962987229971065,0.6734180888566363,0.8373762212281941,-0.7608471212997903,-0.6011944130530376,-0.4418139952166734,-0.409359243583985,0.429292684444863,-0.7964036132424941,-0.1302639508037513,-0.8734380411001997,-0.6077860882761768,-0.574441666638251,0.7837240432881343,0.387908121781108,-0.5184335647836141,-0.9358818214258748,-0.3075940652774062,0.785956428965076
2023-05-26,0.33953724610634795,0.30984041998110134,0.37150680695564064,0.3542752381484624,-0.6270027648886818,-0.09857938259487542,0.8126868561443461,0.9450009296164357,1.0024055352002121,0.6236786628531787,0.8126868561443461,-0.8060407370528032,-0.6373023825169253,-0.5296793027578321,-0.8400685071894234,0.3811366468259323,-0.7843425026943506,-0.09857938259487553,-0.865145543604702,-0.5283749408127043,-0.8680037661684522,0.5193492293471695,-0.31930237794584215,-0.7556249958364237,-0.8946314289731496,-0.34596662687656266,0.636586356590358
2023-05-30,0.4090457717771754,0.33885436005357605,0.27592491018931264,0.268182907307257,0.17052241150313208,-0.40289515366938244,0.7721597255253709,0.934955857988776,0.9805968208053857,0.572902274295713,0.7721597255253709,-0.8623222334678443,-0.6728610207656449,-0.7139410594077829,0.11195729883542316,0.41172985138094553,-0.12950791293005603,-0.40289515366938256,-0.8737399545232942,-0.6276411045532896,-0.21031194332515613,0.5680824469563903,-0.7701534254001886,-0.4537425450709447,0.21459037485684673,-0.391136328806055,0.6908477651091012
2023-05-31,0.2288595725014575,0.1556388275935754,0.15257638579961408,0.22513653522505073,0.06841528777381423,-0.2627411704323349,0.7256921838504031,0.9243737906307801,0.9365123894294678,0.5331850148984385,0.7256921838504031,-0.9137317454090181,-0.7043717258548972,-0.7072309069098266,-0.3045390567415005,0.21854167189883422,-0.2626432020980569,-0.262741170432335,-0.5119247395883209,-0.5381287358415108,-0.3853224093440676,0.5363804344838057,-0.805514943478957,0.6243887564199531,-0.9588010451385661,-0.43596932026480206,0.6866102477160416
2023-06-01,0.1593510712065087,0.15187716454637346,0.07942058880283076,0.10715714557852185,1.0,-0.5180486694672626,0.6797122006493492,0.9101081701974925,0.9206642869953139,0.4669509016421778,0.6797122006493492,-0.9832250033488736,-0.7464220880879289,-0.7587592000557513,0.2709930625258097,0.21457525690029833,0.510161312669164,-0.5180486694672626,-0.6142478011500463,-0.930189994985614,-0.1538586830740687,0.6066928904160491,0.2818233592545716,0.01345105340213748,-0.5371139711403526,-0.49133760904688595,0.766518412582313
2023-06-02,0.18341132859272014,0.29103523450401303,0.20810946327850965,0.31282305367723917,0.29811238022513664,0.5955736091126826,0.6553244371608986,0.9001829222153748,0.9061390671732186,0.437754630315889,0.6553244371608986,-0.968971593613808,-0.7919076287467073,-0.37079166648223616,0.34058091389209677,0.3613078719488061,-0.14136401632119322,0.5955736091126824,-0.3371369609295872,-0.7994830403549784,0.17922068371946742,0.8083479075527533,0.06082559611467264,-0.6549993578972714,0.08625104358691282,-0.5084593854050149,0.8117189676259424
2023-06-05,0.29248643447045675,0.28512584978906874,0.270585619954647,0.32451555389168174,-0.5790247187990023,-0.07894631377096151,0.6317740769641842,0.8937267156418118,0.8877505634171201,0.41379095212712214,0.6317740769641842,-0.9474767185083794,-0.8391481286004301,-0.29820100967585195,-0.23352543677967452,0.3550768321476978,-0.8335813054622547,-0.07894631377096162,-0.3293492517442659,-0.787720318376395,-0.46435615750900494,0.7112207532076431,-0.23090183145790577,-0.029678006156018233,-0.747957475136925,-0.5203544775923055,0.7532912852120883
2023-06-06,0.30531849183971316,0.4350295420300201,0.3512163635778254,0.43983727531455963,-0.23434727230309116,0.2658699647337126,0.6100208148152635,0.8895196341642304,0.85211301871371,0.40974390341321354,0.6100208148152635,-0.889455135420982,-0.8806227757205173,-0.19712162431841673,0.3008273055486337,0.5131399669313086,-0.5908468874953838,0.2658699647337124,-0.05916531026042271,-0.6047644969847832,-0.10304969244038298,0.7796866720558613,0.3171917908092683,-0.9425035410222674,0.1366706848782373,-0.5123850643973029,0.753841064312448
2023-06-07,0.4272247677118368,0.40440387925068433,0.4393222760877842,0.46747206496204163,-0.7002000403331926,-0.027914696133659267,0.5842025018510275,0.8854966332740115,0.7914957260631676,0.4227065027668162,0.5842025018510275,-0.8297909963003176,-0.9048257154698356,-0.04648266724052619,-0.6480786949475023,0.48084731161801186,-0.9040781753215388,-0.027914696133659267,0.038547981170112156,-0.247020217082902,-0.729689422678676,0.5742844641907936,-0.6463914319811712,-0.48968261401907787,-0.6700342300206086,-0.49998023108255996,0.6328299244870621
2023-06-08,0.3368640763966626,0.3812999720996053,0.34480786939629704,0.45684263203705955,-0.26813400988822256,-0.1524025011380551,0.5607793421543241,0.8815251741351326,0.7359879601593327,0.4349649333547838,0.5607793421543241,-0.781002619510016,-0.9141930780875156,-0.425204414700473,-0.07630472686106649,0.45648583035323353,-0.5572081728812366,-0.1524025011380552,0.1949851895519008,-0.21473711608931767,-0.34297732384170343,0.559645236994746,-0.8497118181759152,-0.4321807191100152,0.01291235806539115,-0.4893805685017175,0.627988191966371
2023-06-09,0.4555625823178122,0.3888219880022341,0.40194352203453576,0.41167053869913994,-0.6726522061773053,-0.26465755908876876,0.5355395134312573,0.8753085030484211,0.6742611475268117,0.4500301509860405,0.5355395134312573,-0.7516570583522515,-0.9131891981740683,-0.578684936394732,-0.48461623098391493,0.4644172788431786,-0.8846205502104326,-0.26465755908876887,-0.15817530277351222,-0.2566131647448947,-0.6139595061909777,0.43247483143312815,-0.7171145174285287,-0.20936757151757557,-0.6241993132043646,-0.4854828130686232,0.5713600759672186
2023-06-12,0.4582355491926935,0.4087012520016613,0.4665546639551321,0.48447742168454155,-0.6296389212672355,0.12048286679991915,0.5269439874301156,0.8684830477498682,0.6581797700742724,0.4503701721232445,0.5269439874301156,-0.7024745176310511,-0.9018761040219739,-0.46365685137527923,-0.8277998716858339,0.4853785956591099,-0.8492180156285096,0.12048286679991915,-0.0771542735112194,-0.18899158916034686,-0.8200191667004111,0.2352055177675576,-0.8585606355092912,-0.43936985020591224,-0.7892079173976108,-0.47005478011123036,0.4431719855026335
2023-06-13,0.5111689489884692,0.49628010538432354,0.5226229623775989,0.5067981148543439,-0.5393505653017674,-0.045817377492201716,0.523729177252082,0.8622716822822065,0.6528507248241815,0.44983253586487826,0.523729177252082,-0.6534610975947369,-0.8790610808605749,-0.3536841367689041,-0.5989103011714485,0.5777244738658118,-0.7322283767983846,-0.04581737749220183,-0.20276873389943062,-0.0754705601729041,-0.6873505241602671,0.12028790420546387,0.131548725250499,-0.5471845713154715,-0.9679701362263918,-0.452074906835757,0.3750287696213941
2023-06-14,0.5031492565070312,0.46296816660603857,0.49111817823841286,0.48022639249632215,-0.7057359687281556,-0.20346696004332643,0.5182262568502418,0.8516125614797403,0.6437396477371002,0.4489017059813727,0.5182262568502418,-0.6198108893891843,-0.846954527816715,0.07577472613617853,-0.6098850023302038,0.542599325243375,-0.8337376678279907,-0.20346696004332654,-0.27344796251794234,-0.05639460460316015,-0.6958182930119527,0.01711522229010143,-0.2839475468002799,-0.4824935057486067,-0.8075425731601691,-0.4391446264821065,0.3254549549865753
2023-06-15,0.47588056466834505,0.5091750696701698,0.4676229896331008,0.5370901594022695,-0.4259519050843109,0.06595094808918622,0.5231238453643954,0.8405002371374424,0.6498654842918108,0.45165315895882796,0.5231238453643954,-0.573542661032892,-0.8022027261486726,0.23646323770620792,-0.07722205233277901,0.5913213269350972,-0.43870408558091,0.06595094808918622,-0.1857893722313747,0.13495166168218775,-0.3288652072874283,0.08272723742678578,-0.080620432704951,-0.21655114724412194,-0.48669444454580546,-0.41836216657424485,0.3472770738324775
2023-06-16,0.5758650039355979,0.4925187900221628,0.5247586253197845,0.49244918638587265,-0.42502925035181705,-0.26083896011512664,0.5093185074906388,0.8298939489170036,0.6134367306907025,0.4624789310187891,0.5093185074906388,-0.5483764070000245,-0.7562588559113856,0.15798787716202556,-0.6521426628965059,0.5737584254772421,-0.3528082033598997,-0.26083896011512664,-0.18422765653123285,-0.13761777957691046,-0.7184005283108407,-0.024977775262228663,-1.0,-0.7699977414831376,-0.2896010792609903,-0.40577798921628305,0.29963143841166806
2023-06-20,0.5576863807945602,0.5913804738776935,0.5893705684520494,0.6221202496004292,-0.206579758448991,0.3004805137537163,0.4984823107964331,0.8270400239054783,0.5699947996194092,0.48537519502533466,0.4984823107964331,-0.4877204371090875,-0.7060372090507829,0.30164932743291506,-0.39720213275870087,0.678001272511817,-0.1569266694436494,0.3004805137537163,-0.11217010716449327,-0.018090159455725785,-0.289346283523491,0.06294237904952604,-0.14250139606611545,-0.7556249720250174,-0.4546096126078959,-0.3747088887175767,0.316464143631217
2023-06-21,0.5641023123475781,0.5774104795428527,0.5989818472901816,0.631685788589536,-0.6671162777823423,-0.08778986827912405,0.4882045712154901,0.8237432931477751,0.5233720511070739,0.5123471724847719,0.4882045712154901,-0.43599290448024497,-0.6565030951119497,0.4749515380164604,-0.574501388566641,0.6632708741843032,-0.6253488784392917,-0.08778986827912416,-0.12929853140238634,-0.12971281392021983,-0.6647704882568908,-0.019467325527981028,-0.5314715327308364,-0.7987486991472772,-0.4271093786438518,-0.3453768478087046,0.2705362409982037
2023-06-22,0.5919053083497963,0.5822462312540808,0.5995154683711301,0.576947742939302,-0.8763831582998725,-0.2902262983509334,0.4795746168003261,0.8180573974104455,0.4877476372413434,0.5315779281850059,0.4795746168003261,-0.41114697253375654,-0.6107723608674598,0.4509893745616733,-0.546729289177041,0.6683698418153561,-0.8549628147512214,-0.2902262983509334,-0.1649352353361565,-0.21222672961087774,-0.6421861499950325,-0.08134776136934485,0.21110709073571932,-0.6334320012364201,-0.8808812922118531,-0.32709938673926997,0.24982715216129403
2023-06-23,0.5063574821880332,0.4978923525110084,0.4435944286194633,0.5174271344561183,-0.6368004794289734,-0.307110712165802,0.48605408776218617,0.813437382244897,0.4968188913399616,0.5342805055732807,0.48605408776218617,-0.40908047022738836,-0.5701453078034768,0.577076964362252,0.012564636724592182,0.5794244775887358,-0.5315431855162043,-0.3071107121658021,-0.3151347457145913,-0.26051464467386554,-0.26112072970855504,0.02601296921347296,0.06082574862153156,0.5165794783064783,-0.9175506389332928,-0.31919226850307447,0.32136632581975566
2023-06-26,0.4662562686309668,0.5559193077426778,0.5140791646789142,0.5732278340726054,-0.7699703124855835,0.06130067311235088,0.4976724067931211,0.8126930404827455,0.512783986084266,0.5394179393200413,0.4976724067931211,-0.39027781331245004,-0.5306699127704769,0.4238148248721596,-0.07490347086701399,0.6406099114413137,-0.686288412493963,0.06130067311235088,-0.18577721862870578,-0.15902057075803266,-0.32886522083484515,0.09043861237026896,0.08734513651667442,-0.9712490304075,-0.09250761534545804,-0.3034147949937148,0.3427044802664103
2023-06-27,0.5881625551965217,0.5569935406093169,0.5979135733501413,0.6003310900753571,-0.9333241360766348,-0.031752182169368814,0.5109105772734728,0.807138829803661,0.5309250034853148,0.5453200995609593,0.5109105772734728,-0.3671888917825402,-0.4940448638477065,0.4423690867901926,-0.7215532652439909,0.6417426161255695,-0.8669410305184271,-0.031752182169368925,-0.3174350861575145,-0.20626659133073455,-0.7663860513686839,-0.03856724586578841,-0.3458285699808611,-0.46093167402496116,-0.9037970170317264,-0.2850664564689058,0.2674393999170812
2023-06-28,0.5924401127708385,0.5091748606967823,0.5567974653859731,0.5200839760333547,-0.7751986893030486,-0.37192104014269,0.5196243328377219,0.7986594239966252,0.5372457710470442,0.5546552456695397,0.5196243328377219,-0.3732197400469027,-0.46343259586157326,0.0870552977110115,-0.7698721640073755,0.5913211065870307,-0.6370173927014379,-0.3719210401426901,-0.43038528799676457,-0.30755229175285625,-0.7579184667183219,-0.14679498399586188,-1.0,-0.8274996699527685,-0.38585548491935207,-0.28028084806459264,0.2272509668750471
2023-06-29,0.5437850079223929,0.5140110393661363,0.541312799550935,0.5333706638587803,-0.8262522511677074,-0.07528680723170011,0.5335607593415261,0.790050406591662,0.5382174550485344,0.5784465735884774,0.5335607593415261,-0.3739278841286391,-0.43657347515171574,0.06176053270163462,-0.6116568063812344,0.5964205244160659,-0.6926150694199578,-0.07528680723170023,-0.34533699435968035,-0.26811919922550465,-0.6929970802823366,-0.2131647235749491,-0.1159818759948491,-0.4393697384356273,-0.9175506348806259,-0.27360230390674534,0.18849750805732302
2023-06-30,0.5662412725533634,0.5494718177181372,0.5616033234495794,0.5923597386972337,-0.8285808559687633,0.07099863170966958,0.552859460202505,0.7818358141921207,0.5365184022462397,0.6143445203533622,0.552859460202505,-0.35674289343105814,-0.4128912726273224,0.18264951017913322,-0.50278322793158,0.6338114765960476,-0.6513025650806656,0.07099863170966936,-0.19375410323814124,-0.26657854312091145,-0.6139594574847297,-0.23729378048345762,-0.3369864673030314,-0.266863967956831,-0.7846268466524023,-0.2586058404103494,0.16312136534058985
2023-07-03,0.604737829115924,0.6574672022150243,0.6539818477112078,0.6460351303812146,-0.9292380936898764,0.05217159801342075,0.5811791440649157,0.7749802733909124,0.501741931106441,0.6983292076818841,0.5811791440649157,-0.32732949144900436,-0.3887451313312398,0.3613102875681251,-0.39764874554575924,0.7476851828440649,-0.7427250177697362,0.05217159801342053,-0.19741589719035846,-0.16924466365410473,-0.47282342200748817,-0.19857924684222927,0.5470316047605173,-0.9928163700715833,-0.6516995465247424,-0.23722505011789297,0.1725805672162426
2023-07-05,0.5812118228935443,0.5220695817084273,0.4179630991966439,0.38722453759683173,0.029268365552290065,-0.9304496048487292,0.5850891692708418,0.7597132122800443,0.49167798088245473,0.7150280130388744,0.5850891692708418,-0.3824447150241099,-0.3772452990256211,-0.21255094856418033,0.3648794071361581,0.6049177031404003,0.654122650558238,-0.9304496048487292,-0.5595879526627519,-0.546794799093699,0.21874135304392528,0.12714186555189855,-0.6021946036211465,-0.7556249940655886,0.6637811769984778,-0.2561063924333775,0.4092336539144381
2023-07-06,0.29408994242989706,0.23515745512859265,0.20170192306578238,0.26924556127351007,-0.22353903115102058,-0.5060541165999559,0.5821845623613622,0.7409973158347032,0.5025010280575133,0.6993774364281502,0.5821845623613622,-0.4608957373081193,-0.37996556914852986,-0.3877266960996786,-0.08248282367637494,0.30238859624057834,0.17307099500292655,-0.5060541165999559,-0.6119212868068846,-0.6690175397850208,-0.012724113701753526,0.3116452275783146,-0.5756683844833383,0.5597030731511896,-0.7800423097964706,-0.2894424412931973,0.5452079542639583
2023-07-07,0.2807228303866738,0.30500465061044135,0.32398282317659755,0.3643727241055066,-0.6033212934213399,0.20196615342063273,0.5782186697227132,0.7241382437603467,0.5075008316783907,0.6874904306964302,0.5782186697227132,-0.4927846232950587,-0.38888328802033045,-0.21484584529262418,-0.4965436345095585,0.37603766057422283,-0.39729679358840475,0.2019661534206325,-0.5063616175545185,-0.5269540555542633,-0.6083159200579334,0.2199257614462291,-0.5668330741538402,-0.9065634653020098,-0.3033511961625549,-0.3039327742679717,0.46685799420533924
2023-07-10,0.3635979878293192,0.5908425107281019,0.41369113806008606,0.6710118384818382,-0.28887177339951253,0.8950633331123241,0.5889153064420953,0.7185358352928859,0.5287905704951374,0.6858285452002482,0.5889153064420953,-0.4243570568822529,-0.39055203159438434,0.0689302512543255,1.0006525640797919,0.6774340273656076,-0.03978510217720421,0.8950633331123239,-0.19032631931393884,-0.16992864302553,0.38810074918015736,0.5613962406013775,-0.9646384714188235,-1.0,1.6309100359438529,-0.27072034450804205,0.5676460120336855
2023-07-11,0.7255743923691811,0.6950765690697005,0.7223302945106256,0.7331901151886728,-0.6473890408828312,0.07639711979393105,0.6034382106611134,0.7173049316734312,0.5602820121712173,0.681064223498637,0.6034382106611134,-0.35147417043541795,-0.3863133013620448,0.1757354162664806,-0.6444596192839895,0.7873416738444443,-0.5164900054797861,0.07639711979393105,-0.1805995752575923,-0.1652372062070141,-0.6929960808092078,0.4006014266612843,-0.2839476184051579,-0.28843138340424235,-0.9358818324907906,-0.2322229058816121,0.4669427277989271
2023-07-12,0.7630025462410128,0.7391347565160511,0.7944177434226456,0.7656082943155194,-0.6425121515825066,-0.01771592954940826,0.6220387206628291,0.7158672003872415,0.5923502946929746,0.6829772256649449,0.6220387206628291,-0.2848619471999534,-0.37732028722560873,0.08793094838486692,-0.8542864123876063,0.8337980026816314,-0.5441986661188172,-0.017715929549408482,0.20760606623084077,-0.16084884781095476,-0.791789055502129,0.2195084038005486,-0.09830458478203985,-0.7556195006270376,-0.9771357264576255,-0.19369016884561152,0.3649169217753552
2023-07-13,0.8137965021685207,0.8659348072832187,0.8499512700936749,0.8065285318188047,-0.4234036205850422,0.007861968038597622,0.6389634900610084,0.7101419190678886,0.6309185402255946,0.675612882505116,0.6389634900610084,-0.22137036292906465,-0.36073296454585324,0.11765543609796758,-0.35312336215157514,0.9674999363389014,-0.3244562976626577,0.007861968038597622,0.432320320252366,-0.03971317229395488,-0.29781881524393605,0.2712509718848861,1.2100449571935559,-0.8993743528956125,-0.9588010506253769,-0.1540627652700085,0.3819457068192502
2023-07-14,0.8191434548862453,0.7493433806148564,0.8013593094365712,0.7996202477301417,-0.7819648240080034,-0.13903722768368743,0.6543521874374576,0.7025256317743651,0.662868560121328,0.6719404180728914,0.6543521874374576,-0.17540016238272405,-0.33904671568543965,0.1776439189782788,-0.8365925180687038,0.8445622947598479,-0.7500273748631473,-0.13903722768368754,0.28481193806396843,-0.0601418414090229,-0.8313071481415361,0.09070928795520516,-0.796672887431777,-0.33873866814662157,-0.8533810207435448,-0.12062015315169106,0.2906118964475948
2023-07-17,0.7496358928208879,0.6735856805758356,0.6860205050174293,0.6672923429383488,-0.6898311585775476,-0.5224102203771968,0.6641830744422021,0.6947846421051391,0.6708191012844753,0.6816777177410684,0.6641830744422021,-0.1813186628722201,-0.3198841852005816,0.0880274650063213,-0.5391130861093272,0.764681009828476,-0.6553634073885659,-0.5224102203771968,-0.29462215025616745,-0.2480765990230357,-0.38249891038121386,0.12384988646756634,-0.8939221485290101,-0.5759355162453211,-0.3079321809045975,-0.11083840776616716,0.3381037702679919
2023-07-18,0.6881471198168718,0.6633766965753256,0.7132527626212066,0.7331901151886728,-0.8252856604955711,0.08815745386155771,0.6744887260181089,0.6937101932635146,0.6863952096894934,0.684862719199171,0.6744887260181089,-0.16833760224566263,-0.3025166475805017,0.09735061113475063,-0.8039939671527858,0.753916338258662,-0.8193120757503887,0.08815745386155749,-0.2899748493846971,-0.23704439108691155,-0.817194928390077,-0.031076265728981478,-0.8055149717836962,-0.6693721025546313,-0.6150337345834669,-0.09285549670077609,0.2420732532423302
2023-07-19,0.7630022866460833,0.6929275779381103,0.6983016470882053,0.6821723917283429,-0.8685186251038536,-0.2756842822158386,0.6844592598832648,0.6914854821463761,0.6938451209487344,0.6953333418277943,0.6844592598832648,-0.1757823621116148,-0.2799418092862562,0.014674701583876848,-0.49084539980725317,0.785075710479544,-0.7997611154460047,-0.2756842822158386,-0.39251887560651055,-0.02426791012289431,-0.582911680711264,-0.06636688818806757,-0.7966796408626593,-0.5399954750232361,-0.3216858778049779,-0.08476044449199649,0.23463781376160453
2023-07-20,0.6314713085815449,0.6692868070214599,0.6550492209206082,0.6231829035666823,-0.6401835467814507,-0.3019632658483491,0.6845151055945915,0.6858151983455596,0.6939097978557003,0.6953697334277109,0.6845151055945915,-0.20153766845961996,-0.25161073503858367,0.03803746760275328,-0.323279516694684,0.7601481432934025,-0.45846338526568453,-0.3019632658483491,-0.5137269827058734,0.04293276113861633,-0.47847065086004426,-0.05282841731651633,0.9890404924857328,-0.7556195077316816,-0.9404698692703279,-0.08642125491040753,0.2547333567004122
2023-07-21,0.7073959925179683,0.7074348566586042,0.6694670024586784,0.6757952279612027,-0.7190046225002098,0.04789155449783089,0.6868331913460646,0.6788569907665394,0.6975198751326734,0.6959828787304436,0.6868331913460646,-0.20785468631920279,-0.220486308350463,0.07466541395094861,-0.16579756874197737,0.8003726382433711,-0.5493262042353853,0.04789155449783089,-0.4412683423466769,-0.006387328473197229,-0.35427073013534305,0.01137622962241469,0.36138855803257863,-0.23811850291501535,-0.7433729532344936,-0.08040628161920416,0.27692611834157543
2023-07-24,0.6667605609153959,0.6843315897749809,0.6662630413961352,0.6933329449748478,-0.7204105725687718,-0.06317718263252059,0.692949589159414,0.673712197024098,0.7052046760422261,0.6993856048238658,0.692949589159414,-0.20939584565405567,-0.19700494120921885,0.03599691251979742,-0.3024422357079335,0.7760118320965947,-0.4948841702172465,-0.0631771826325207,-0.2574173008481837,-0.2993037732481052,-0.4587095726404741,0.022897504064781193,0.20226508427878653,-0.32436590539833887,-0.7754577578438326,-0.07282388105872839,0.2790500812866712
2023-07-25,0.7469625185716475,0.7047487426287238,0.727136828933731,0.7640141067045361,-0.8634659920449588,0.10211060689557416,0.7059084876403408,0.6705662800124763,0.7209202370731891,0.7071442116204525,0.7059084876403408,-0.1912298263122707,-0.1795005912143306,0.05214405354109464,-0.6123760268303924,0.7975403157194758,-0.6751788365877476,0.10211060689557394,-0.2518782236597106,-0.29150464216209837,-0.6732360649210094,-0.05774937453285367,-0.637549344321626,-0.06561260724878937,-0.8533810080884638,-0.05624877770038583,0.2216336992822776
2023-07-26,0.7849236578595025,0.7552531328335408,0.7762622215497075,0.8006824883731873,-0.9803795274338204,-0.005179252787749,0.717861924382027,0.6743199953258863,0.7406897293478483,0.709187084219296,0.717861924382027,-0.16803764411035227,-0.16673924540597063,0.43742938463199965,-0.6098407472698677,0.8507937220683772,-0.8148912836751488,-0.005179252787749111,-0.14219294181442943,-0.2876766846913531,-0.667591686452605,-0.1252587297352713,-0.4165449140168739,-0.21655670541787275,-0.8625466227688576,-0.036863175053036046,0.17917880554881216
2023-07-27,0.8282326215914431,0.8036090501116611,0.7549032111313356,0.7273444850662627,-0.5437002233263812,-0.34206532188335026,0.7245368661942282,0.6782391504118386,0.7489889825491014,0.7129852196686155,0.7245368661942282,-0.17418376111426526,-0.16158479956418215,0.5147990202993666,-0.1186524210165194,0.901781711463802,-0.11314918599735069,-0.34206532188335037,-0.158727791174336,-0.39444593980406595,-0.3006407546760482,-0.028739408102231745,-0.05410102782150639,-0.6909339456058736,-0.15209623259231697,-0.030933116009696393,0.24455508781892843
2023-07-28,0.7918749849043396,0.7246283278696328,0.774126915671425,0.7714543377611369,-0.6915446602236075,0.018571267109230627,0.7377471464010117,0.6828257666038307,0.7609179962834847,0.724861964904739,0.7377471464010117,-0.16800069092635472,-0.16077651557226835,0.474941617498039,-0.8146962294247533,0.8185019712624584,-0.36211663793581583,0.018571267109230405,-0.1705545340285859,-0.34690621087384776,-0.817194877994581,-0.16332029973199247,-0.7524692797867998,-0.3531168718790547,-0.8442154243646895,-0.019817293571723127,0.1654336649813959
2023-07-31,0.7736961383933241,0.7203299145153625,0.7901460195581704,0.7714543377611369,-0.8239675823062942,-0.1179469333077734,0.7502591705843435,0.6908807228869172,0.7714294237613735,0.7368741856313554,0.7502591705843435,-0.16546541389759606,-0.15904478007716305,0.12046421523561834,-0.9595012553273707,0.8139695899767485,-0.5492121198502203,-0.1179469333077735,-0.19274788523336206,-0.22111064286267368,-0.9244570630074829,-0.32527261573565514,-0.5226294420868491,-0.5687409254614256,-1.0000549479916572,-0.010581429806020504,0.08162687125737955
2023-08-01,0.7630024309283607,0.7552534837216414,0.7773303409681771,0.7799568094607832,-0.23557747861308298,-0.0918325471945538,0.7601179695840525,0.6914909300617222,0.782628641074675,0.7435106221791716,0.7601179695840525,-0.16326547502071065,-0.15849072439020584,0.026102820216399536,-0.6145676148570919,0.8507940920557493,0.2298076378791034,-0.0918325471945538,-0.2703756186225108,-0.2764496765781347,-0.6732361229134759,-0.3594968361935731,-0.07177839711208867,-0.5256172372782747,-0.8533810237065798,-0.0017941371097646153,0.06235697041376387
2023-08-02,0.7106037180274656,0.6279156412180984,0.5802921206817659,0.5684448579164483,-0.5843409674957525,-0.7666298068556294,0.756040363801354,0.6851004542130481,0.7821309446431222,0.7367565481100464,0.756040363801354,-0.2273775875669466,-0.1641267478603462,-0.38712224073323553,-0.09235779806750721,0.7165250939957186,-0.3252847682611125,-0.7666298068556295,-0.5736786631787352,-0.4289679516854821,0.07195958197951469,-0.07433160777820635,-1.0,-0.4896771657636748,0.21000577980316804,-0.024920520906240418,0.2554913222498003
2023-08-03,0.5197241649698037,0.575798881877013,0.45640953872304824,0.5923597386972337,-0.712238487795255,-0.041826876583014316,0.7668208451126148,0.6793241596714563,0.7663635479947546,0.7711795783892879,0.7668208451126148,-0.27206359413856807,-0.17183067334709567,-0.4214506339773956,0.49741458551944184,0.6615715552731778,-0.494787063052592,-0.041826876583014316,-0.4569776733526236,-0.3502864897485496,0.08042680919831602,0.17638877818388443,0.09618048559270709,0.5237685208904634,-0.385855456953191,-0.041988028544015954,0.3840240785350988
2023-08-04,0.6443032029866376,0.5736487021995118,0.5589327344879826,0.5163632405202432,-0.5693588120776383,-0.35880987347113,0.7798076338671089,0.6737961416749192,0.7210632265258796,0.8381577626203696,0.7798076338671089,-0.33100293657619884,-0.18528281785523493,-0.5002785834937915,-0.3178277647786456,0.6593043386683488,-0.3166585750629506,-0.35880987347113014,-0.6031693305426009,-0.4726836542254923,-0.4728262705500954,0.15994443389938007,-0.7966796613788706,-0.9065634753096176,0.09083550722193645,-0.06807223008076302,0.39412010797632147
2023-08-07,0.5790733086114395,0.5113242062898702,0.5680110960113447,0.5615361605045777,-0.6962897417050045,0.0271891273543714,0.7901691745971369,0.6779127430360694,0.684547423650474,0.891958021967763,0.7901691745971369,-0.36407595047784125,-0.2021793561193299,-0.24675737808028286,-0.8362343180836709,0.5935874437072048,-0.4959503691948869,0.0271891273543714,-0.5477071470720398,-0.44593842570135067,-0.8369493840504973,-0.008140079370931197,-0.7436339632366424,-0.41780794452667747,-0.8579620668494685,-0.08449287931011717,0.2925861595417545
2023-08-08,0.4619788540311389,0.4178360663517673,0.4750990839073579,0.45737457900499723,-0.7104810502095524,-0.44989921730877147,0.7789418841524711,0.6805003198729029,0.7035966319128466,0.8535594860635423,0.7789418841524711,-0.4213202961621969,-0.2273133734026247,-0.5124368533564342,-0.8241147002217113,0.4950106292018408,-0.5351870682096904,-0.44989921730877147,-0.6854526705833187,-0.6086340870793377,-0.5321032754142296,-0.025023601888442548,-0.34582179410279723,-0.5759355287429999,-0.9633855912086131,-0.11396580730710748,0.30792838267795575
2023-08-09,0.5555479515784354,0.4721024981398818,0.4067500035724054,0.3765967579646794,0.07166654730736388,-0.38027291597060553,0.7602018141759312,0.6811929674233965,0.7263431217823315,0.7982422402380538,0.7602018141759312,-0.48983269195577916,-0.2624647740647249,-0.5441156107792773,0.0843124543056677,0.5522308496895596,0.28051477400824454,-0.38027291597060564,-0.5340775353813785,-0.7164401829098193,-0.20184404650160492,0.09987013077859741,-1.0,-0.7484303598392155,0.5354386658845061,-0.15139174313150272,0.3968637653121627
2023-08-10,0.4566319909319556,0.5655904671738521,0.4895161510695716,0.5184897884223714,0.4111156169858101,0.3497478587429268,0.7472149819786427,0.6852311635252606,0.7194368608931525,0.7818912498838693,0.7472149819786427,-0.49957114347687115,-0.2980085847119106,-0.2180444620993811,0.18863012375273858,0.6508074839882685,0.4694514839068311,0.3497478587429266,-0.3835646197970427,-0.5180378996749362,0.19050883618755332,0.37387047299204235,1.1570061110389918,-0.7699977295689484,-0.4821099144518659,-0.1633423321806663,0.5093429615940859
2023-08-11,0.5058223522417198,0.42213401195237443,0.3218471188087446,0.32345248660222126,-0.03874446901439821,-0.7443416249200284,0.7218278604634698,0.6865902964357631,0.7267967215143663,0.7296983412295117,0.7218278604634698,-0.564260265694762,-0.3412941454193845,-0.5075155031095069,0.36463633179732335,0.49954251727347976,-0.10753354487722355,-0.7443416249200284,-0.5377386064091474,-0.7408729727351971,0.04937622413998177,0.5517124995936649,-1.0,-0.3243659179333356,0.5675233253116991,-0.2019770460188025,0.6641778085407759
2023-08-14,0.29302044409571937,0.236231527768064,0.30262346118515393,0.28944011986439144,-0.5552993113920179,-0.2311703402118398,0.6950163366278239,0.6881715843569209,0.7302103005262985,0.6788043821253764,0.6950163366278239,-0.6229426467037562,-0.39126683956688013,-0.5644569157862638,-0.8687858068725991,0.3035211319763045,-0.6492985444814852,-0.2311703402118398,-0.6366115090650222,-0.7727792279909873,-0.884937157356148,0.3111186313371095,-0.5403136267207792,-0.5256172596167027,-0.9633855952069842,-0.24039953946369796,0.5390336518748178
2023-08-15,0.22725608857786805,0.142744483482784,0.08209173284745841,0.054545647830416266,-0.005792514282475625,-0.9048936149663542,0.6628146264400392,0.6868778162665456,0.7831266046912115,0.5703390026268058,0.6628146264400392,-0.7365329699133569,-0.45388792567262215,-0.8302578803100886,0.15572699647165567,0.20494547276149588,-0.13996351202052082,-0.9048936149663542,-0.8129174246049137,-1.000107017799022,0.10017958654161152,0.5187906977870755,-0.9911579299325681,-0.7340630866363436,0.49877287293014816,-0.3080718410025417,0.7329191077611705
2023-08-16,0.05134630066297308,0.00627215833521011,0.03670250904654382,0.018407146513665484,-0.259127142261497,-0.24462273014399483,0.6252505984522863,0.6796378416927236,0.8125805304603466,0.4751094844791195,0.6252505984522863,-0.8322030688990745,-0.5199562600590655,-0.9087281951942556,-0.5349249517111305,0.061044790919979386,-0.41562514576371823,-0.24462273014399483,-0.7619277161352963,-0.8553338347342175,-0.6929949859399188,0.36367708544329846,-0.3281444084715357,-0.6118701330338634,-0.6975380025782094,-0.3720725059454666,0.6530837728125438
2023-08-17,0.027820384925450803,-0.007697859557985964,0.03616845344134467,0.017344079224205222,-0.6259922382769028,-0.1217000154847736,0.5903118402103977,0.6720841952616547,0.830984383172392,0.395254948504137,0.5903118402103977,-0.9022170419781432,-0.5887913042026062,-0.8756652826062712,-0.6415339001660191,0.04631436775180031,-0.7631261859846526,-0.12170001548477372,-0.9333711767541166,-0.8772343428860264,-0.7635649106919401,0.19943129093309708,-0.16902769894594105,-0.6190592744627139,-0.8900468875033807,-0.4274576569370633,0.5557155057970165
2023-08-18,-0.03540105361420964,-0.05816520501357081,-0.017980301197721427,-0.01782311255513025,-0.6280132915004606,-0.2421283609452335,0.556625016397917,0.6608298795436487,0.8479768545100963,0.3189909635660222,0.556625016397917,-0.961566507507504,-0.6576711482932396,-0.9722752254253316,-0.5983823351337161,-0.006899977456555906,-0.7611452871034329,-0.2421283609452336,-0.744113825135722,-0.8448089972199255,-0.7424602351649555,0.06600112396987057,-0.1845475641250166,-0.5531897498236549,-0.8897352381636905,-0.480213719950055,0.48671083175977636
2023-08-21,-0.015030677802577608,-0.06947944983087606,-0.0329721094419505,-0.0007731169262298332,-0.5313102883471783,-0.057317192606761824,0.521069283599624,0.6493152734075667,0.8469212946110931,0.2569121966302954,0.521069283599624,-0.9962143574101904,-0.7267230201749171,-0.9406594992358025,-0.5703292961325434,-0.01883007055031305,-0.6833017919269633,-0.057317192606761824,-0.6786384788415883,-0.8679403058289724,-0.7226513643237471,-0.04126961028643217,-0.6543218614937151,-0.0775581734621007,-0.917308247156626,-0.5226472528105748,0.417610240178071
2023-08-22,0.04930075203853601,0.005402248777148122,0.029669051608581798,0.04398647985069393,-0.4120242122176182,0.04067742069909075,0.4869441437199107,0.6391627375841042,0.8312219482156127,0.2115731632574891,0.4869441437199107,-1.0027988526265856,-0.7902410446179704,-0.8762246269847156,-0.48366121818492913,0.0601275311135665,-0.597751979812073,0.04067742069909053,-0.30477061280181916,-0.7306383599869368,-0.6603849753297355,-0.10793161535563556,-0.30863687784011695,-0.1712416822241425,-0.9356913979378727,-0.5516503841510412,0.3656290935861266
2023-08-23,0.011774302829753447,0.03341478825705613,0.029133346545735517,0.09940196223787412,-0.8509003133071856,0.07670522518604628,0.45201674576857975,0.631483748443999,0.7944510341268392,0.18524445321298622,0.45201674576857975,-0.9841236213760294,-0.8442350964842971,-0.6547829541526738,-0.2408918181749593,0.08966482760875127,-0.9455842090801959,0.07670522518604606,-0.1756689321017818,-0.5996679621567167,-0.5103861455119535,-0.10233466507680777,-0.6277322460804107,-0.553189799122529,-0.2831014552261528,-0.5671115545847466,0.35412363986691076
2023-08-24,0.09915807059150028,0.08459309459562325,0.11104938338899761,0.06796501240542074,-0.7650494872456164,-0.22717693851748255,0.413510204649687,0.6212413016892904,0.7450633286552795,0.16479879151127275,0.413510204649687,-0.9719344243487985,-0.8958338735791176,-0.7195729188876783,-0.5144804799910694,0.14362883217634503,-0.7839585190326755,-0.22717693851748266,-0.21851974164922294,-0.762542200679532,-0.6745387787246769,-0.16683428454915195,0.1699894245711926,-0.9423514937974482,-0.7150969179147817,-0.583879990914562,0.3244981862651197
2023-08-25,0.07181663200362842,0.023717915684740465,0.05965050384817827,0.06743141214465331,-0.6718174233240966,-0.11981242200080777,0.37882975725925405,0.6104368455481517,0.7011382648698854,0.14584608412500222,0.37882975725925405,-0.9556919828025309,-0.9385920614755277,-0.6656885456364487,-0.5845040059856259,0.07944014232272267,-0.6244658641908931,-0.11981242200080788,-0.16878589198265703,-0.5809154203111986,-0.7226491703334659,-0.24305937076453,-0.379553752302918,-0.2577172176159004,-0.9448812291983848,-0.5970217639685069,0.27973388229209006
2023-08-28,0.09808518410172029,0.052269668850661866,0.13728251747503095,0.13723384873538658,-0.889915427709782,0.12611088145606386,0.3454995336190192,0.6020023240585912,0.6387076904361197,0.1472353778313631,0.3454995336190192,-0.9153518406630499,-0.9705334875570196,-0.6201104909685933,-0.9913776364575543,0.10954600256877556,-0.8545915479404852,0.12611088145606386,-0.09446489201294928,-0.4763555770952068,-0.8641590457191974,-0.3689054329599334,-0.9468208232939225,-0.8486623880543157,-0.6967138068909401,-0.596135329028463,0.18928243465186867
2023-08-29,0.1093429661197014,0.14007958954162048,0.1586981188030694,0.20543755115985496,-0.9456701351161951,0.11729351745036443,0.31575362283879826,0.5938466626537782,0.5673410882778993,0.1636516187099628,0.31575362283879826,-0.8570712154228122,-0.9837005272345374,-0.4074448499612211,-0.45509506586289183,0.20213552536187374,-0.8511786906259162,0.11729351745036443,-0.06327396736387503,-0.15906715831540696,-0.6349144714408071,-0.3811220220246929,-0.6365909326929355,-0.9855892507230742,-0.20497564801865575,-0.5832058426393418,0.16675349775969583
2023-08-30,0.17849882350129165,0.21980845454399023,0.2240153860045222,0.27577276136494056,-0.8663218281217254,0.12147898924268263,0.2892572113073957,0.5885183778372014,0.4855584387394869,0.19593584493648253,0.2892572113073957,-0.784759177434234,-0.978517976262992,-0.2057572669126415,-0.35562565018413406,0.2862041306551806,-0.6779436836694231,0.12147898924268263,-0.04500512822561431,-0.04309998711298857,-0.5613293544196649,-0.3606218934072881,-0.4947775435430273,-0.9351378828272278,-0.19118915427349437,-0.5594746588406314,0.16285911169897793
2023-08-31,0.30984110808436016,0.33563122936867984,0.3209213187814717,0.3818083502869214,-0.13663374253802985,0.23821173504207027,0.2794488928339882,0.5826088736341892,0.45644780042231026,0.20675857765746852,0.2794488928339882,-0.6915645895017521,-0.9555072779721704,-0.26107818557128004,-0.23843421642437712,0.4083312817242819,0.2770844941178858,0.23821173504207027,0.1486302481811308,0.0724653191242135,-0.4651044872346741,-0.3022025578878863,-0.35295738996521775,-0.47392242833505194,-0.40259024583199643,-0.5209474035897144,0.17244452421719392
2023-09-01,0.40955474803197345,0.3722641184165951,0.39266398827436366,0.39566294419932935,-0.5661954244233738,-0.07232474859955529,0.26911187556101535,0.5768048414788318,0.42186561970304304,0.22194902601256072,0.26911187556101535,-0.6107337224302751,-0.9171839293805105,0.055079111249951795,-0.5321710983767509,0.44695814402855705,-0.3262249100746517,-0.07232474859955529,0.16878627479699704,0.1284707886304275,-0.6518947573262528,-0.3304866022533962,-0.22886805669592714,-0.30096037378992513,-0.8805419034697364,-0.48385806444160795,0.15379324430990082
2023-09-05,0.33128506041783967,0.24674418514204288,0.16244604491284553,0.1702703593805195,-0.06616049535135793,-0.8582498787442355,0.25092363767169745,0.5668042476077999,0.3830055706598414,0.22735400961632246,0.25092363767169745,-0.6123065006754189,-0.8752476131451709,-0.2347663097538807,0.305460255867799,0.3146060062352134,0.2517730985007205,-0.8582498787442355,-0.2444254772169362,-0.13547468668295026,0.23961010965961171,0.02163867607214076,-1.0,-0.25051454870885737,0.3924613672010575,-0.48480297872533806,0.40721897953364317
2023-09-06,0.12703456348174114,0.07327972086133272,0.11533169992672643,0.08608138190944081,-0.5883391380032258,-0.40647376785697364,0.22593703699322076,0.556197034461436,0.3271729056442847,0.2371528000873251,0.22593703699322076,-0.6360487464341351,-0.8351855301145112,-0.017325644080560365,-0.6455021063896744,0.13169965757972357,-0.3985039902494091,-0.40647376785697364,-0.45239033097537806,-0.27545142680046175,-0.7084987959753272,-0.07373796519832965,-0.47705335721080366,-0.754973254206551,-0.6323744669489841,-0.4972852448366435,0.3744405512092863
2023-09-07,0.014455095700290688,-0.05547229162886336,-0.07847963817149217,0.013081476986178231,-0.05447353540643596,-0.3722521749194778,0.20258807758819009,0.5424224887108502,0.29056814988787116,0.23121174580129522,0.20258807758819009,-0.6735319311675269,-0.8012579323533354,-0.07726565526039353,-0.08134278451147547,-0.004060485480578246,0.1405072060274184,-0.37225217491947793,-0.6426880410446175,-0.4122173891029157,-0.1311422230861926,0.08752073688397743,-0.7340973506444113,0.8665027365281508,-0.9678575485294139,-0.5181357978024146,0.49039608220938913
2023-09-08,0.038578979501410426,-0.008065610661330602,0.056973967395637315,0.026402470637818976,-0.7770439987680362,-0.07086836744446656,0.1841842982778319,0.5283090236744381,0.26449481745779213,0.22383429494292129,0.1841842982778319,-0.6954495631994935,-0.7710560066359056,-0.05489549539543426,-0.81825071441961,0.045926599503094634,-0.7248237252928535,-0.07086836744446667,-0.7578080712187486,-0.36499182723681556,-0.8754787870659833,-0.08718497562026217,-0.3529573807858063,-0.7765976443308097,-0.8759452483042323,-0.5329217345182273,0.3827083797630735
2023-09-11,0.052517363254111604,0.0032471398561355613,0.028598237772678115,0.058905794345392115,-0.9519529744850818,-0.003378100858195676,0.16003175579597562,0.5169682019722759,0.19530333621389606,0.24806802297469366,0.16003175579597562,-0.6991657518722847,-0.7430342692470229,0.050164917618141125,-0.4930767945697746,0.05785511696043244,-0.9159764563863775,-0.003378100858195787,-0.7321260933727991,-0.3297166834308817,-0.6660465566896339,-0.15011680601098298,-0.4504570581935108,0.0017147639675649806,-0.9816475504609236,-0.5393602708539225,0.3367252000121401
2023-09-12,0.064311627330913,0.06897002909349537,0.08802677388229707,0.05837302073103956,-0.8535364696857394,-0.11981285421995491,0.14610102029814853,0.505287546222382,0.16861134141980982,0.24922903586133938,0.14610102029814853,-0.6984930216800521,-0.7193456162232422,0.024582687574128848,-0.44671895467677747,0.12715538398250925,-0.796900880126206,-0.11981285421995491,-0.4432722908742385,-0.40368714550046825,-0.6349144526104749,-0.19150520404693283,0.48907782791973786,-0.7621868914542064,-0.9310912252015878,-0.5435998366113188,0.3124405691295622
2023-09-13,0.024641111594940313,-0.011835928482975433,0.06714673073107447,0.056775113211189776,-0.8675080984920747,-0.12354383556555015,0.1338737636276477,0.4921169974296684,0.14565239650965855,0.24979317032590975,0.1338737636276477,-0.6947089829130006,-0.7016099179098023,-0.047665443877346836,-0.9320776153577243,0.041951058640086414,-0.8204668673372366,-0.12354383556555004,-0.3307858945599528,-0.4751747096327512,-0.9490617090739452,-0.3600943695633766,-0.6631804734432827,-0.8919001216411852,-0.7610530884991142,-0.5460677808301534,0.21333147315330314
2023-09-14,0.11470424792662004,0.10721869590518973,0.11158395582299585,0.18625563442713,-0.5133844249730124,0.33572006608462956,0.14079552567236564,0.4808105707751362,0.15327421061517943,0.2546862947530142,0.14079552567236564,-0.6491950330323416,-0.6868015186283607,0.06377051750061336,-0.3382836802618244,0.16748597282372701,-0.43135184299607776,0.33572006608462934,-0.04531998256601555,-0.41244602011068976,-0.5188776911888124,-0.3244631806552273,-0.8581798358750111,-0.2793415135737469,-0.4163766900558815,-0.5265175471737054,0.2036674017312845
2023-09-15,0.2138810980801069,0.19287339992839336,0.17422450994225946,0.15055525571023476,0.17882630409557643,-0.2399212320931049,0.14774031239775498,0.47499064209067243,0.1562556820394534,0.2641202489210239,0.14774031239775498,-0.6210746146717925,-0.6791015202458514,0.056675601739177184,-0.17861714268812434,0.25780296785216117,0.31737397516501553,-0.239921232093105,-0.11503878435377368,-0.5531932370476218,-0.4396317360508264,-0.260103417763215,0.05476548983694718,-0.6757003831732775,-0.4439531889293771,-0.5136005796004495,0.2492819636530088
2023-09-18,0.1479422231668106,0.13792531036323497,0.18760943128320395,0.1596136471238485,-0.8642129030188823,-0.0867842527328051,0.1552170126894452,0.4722946862961306,0.15909974642365965,0.27463146488130463,0.1552170126894452,-0.5934703832419803,-0.6772157530265095,0.06998055536119763,-0.713585249605381,0.19986398611527978,-0.8449596171112964,-0.08678425273280521,-0.1489816930365533,-0.5574096572313776,-0.7990628454561555,-0.3561754524990408,0.09022056510269749,-0.8558649996964237,-0.9310947248194192,-0.49952731326727173,0.19150960596963684
2023-09-19,0.1329305979912614,0.07543359458553178,0.03876989042972312,0.02693483092896387,-0.5265212709261389,-0.5735904054060226,0.1575691793125913,0.4639967590870382,0.15653762408545502,0.28129057829048976,0.1575691793125913,-0.6091191479727064,-0.6768675813791997,-0.22460920238280735,-0.007282153449314488,0.1339707693027603,-0.39130834226965017,-0.5735904054060227,-0.3339936075667751,-0.47064608804131025,-0.3405762535457878,-0.2457389663789501,-0.5390980781503995,-0.5243628494461814,-0.07170045503940803,-0.5066505026489554,0.2884109740509708
2023-09-20,0.03053777932190216,-0.025304060569963593,0.007182905717633581,-0.02794705119744889,-0.955160298078989,-0.31137607273993684,0.15614110607604825,0.44680867764749244,0.15855938281763016,0.2767955128938051,0.15614110607604825,-0.6351311287126631,-0.6767673450691691,-0.40282230704324384,-0.5467800622922295,0.027749839540510912,-0.8952926524537356,-0.31137607273993684,-0.40863747813323437,-0.44193732627030025,-0.7028379960358622,-0.30307371142015915,-0.5036361978969603,-0.8414542564628905,-0.4761228561125509,-0.5201250020541366,0.2681546905683554
2023-09-21,-0.09544413940891672,-0.17829843767281295,-0.1678904173172503,-0.20538422419963498,-0.385267224975297,-0.7501926329200405,0.1430359139872721,0.42372821838060304,0.186257700571554,0.226676714927029,0.1430359139872721,-0.7057436913280543,-0.6802860085632639,-0.6896547955415193,-0.32936819871487444,-0.13357220988754093,-0.10036912992768754,-0.7501926329200405,-0.824867418781343,-0.5564287800291565,-0.2641577555394232,-0.16743258694932361,-0.9379553759715563,-0.8846920163980928,-0.02574423867265052,-0.5584639267666902,0.3993216422889867
2023-09-22,-0.1790741435204477,-0.1292754690562825,-0.13683753814842536,-0.1414431240131936,-0.2741532336192538,0.11828491382619455,0.1303787691515208,0.40142293851608546,0.19660477565689316,0.19417943391816483,0.1303787691515208,-0.7380596869273987,-0.6849405411343827,-0.7710865671834319,-0.1582285068113064,-0.08188086072802692,-0.045359708822876876,0.11828491382619455,-0.6915329023961043,-0.5013101253925439,-0.3688766955904512,-0.09411803273040331,0.7018080117148018,-0.8846920129337867,-0.724290306984425,-0.5804159787534258,0.4260196357632613
2023-09-25,-0.22946701015958326,-0.23647921166714192,-0.18127515765151037,-0.18993172276737702,-0.8117094551460189,-0.29474129677103367,0.11682550808832137,0.3769190080847038,0.21049159406162032,0.1566591123485821,0.11682550808832137,-0.7737420675890434,-0.6930869124698491,-0.8295983906446388,-0.687377238843627,-0.19491983504742438,-0.7392350002072234,-0.2947412967710338,-0.7698312491574576,-0.5867893927515906,-0.7962335989813869,-0.2111261675083107,-0.2554645091571144,-0.9639648804565126,-0.7105003144391073,-0.6057472542745455,0.3677342611706558
2023-09-26,-0.22839432323879816,-0.22732012775669175,-0.17752675926422234,-0.18833257527790492,-0.7826238631026419,-0.11205774732414175,0.1033843294329182,0.3526242837010096,0.22035494771813213,0.12323945872588116,0.1033843294329182,-0.7966244327674017,-0.7038063333303144,-0.6561802930274059,-0.640804000342355,-0.1852622109222971,-0.7097192515994786,-0.11205774732414187,-0.5932629377396285,-0.5845365987689771,-0.7877418904133252,-0.30894568690006574,-0.13136837524955314,-1.0,-0.7059036047458305,-0.6259990816832649,0.30660712878266216
2023-09-27,-0.15494979668070064,-0.1928428845501049,-0.1684249839677633,-0.1068078792017958,-0.5207656628329631,0.1821849814441876,0.09055919131385393,0.3335884035412775,0.2165771843018891,0.10414157759860676,0.09055919131385393,-0.7852326254243367,-0.7136947167862251,-0.38578183978323455,-0.43595567184636297,-0.14890832891670547,-0.4303901411568333,0.1821849814441876,-0.402302527035151,-0.4956675582068759,-0.6547255520093764,-0.33752658610487185,-0.9202244675827949,-0.1352120209025891,-0.6323744713530224,-0.6289175129155095,0.2674935232108948
2023-09-28,-0.12278456339722477,-0.17560435901689064,-0.12398807707009063,-0.1515666493323048,-0.8545030603578758,-0.27999156410329784,0.07179753026883606,0.31183137097852875,0.20559423749922012,0.08149509409544597,0.07179753026883606,-0.7850141312249976,-0.7285309660389745,-0.34861943281395735,-0.6755085529721652,-0.13073148921320155,-0.798946935860383,-0.27999156410329784,-0.21049324268357572,-0.6731358295363372,-0.7990628777991795,-0.42327554539258094,-0.44159158068296,-0.747765142031452,-0.7242902947753627,-0.6368835308452658,0.22636027062067932
2023-09-29,-0.09276336245858119,-0.08725613825174572,-0.08329850399856731,-0.09615116694512471,-0.8385103783279827,0.08452368767180318,0.05225179196137164,0.29269163485050753,0.17733436597144503,0.07421134974644317,0.05225179196137164,-0.7634907996789401,-0.7440878505015307,-0.2670304249277935,-0.2799521299892692,-0.037574366010078686,-0.6803294385962696,0.08452368767180296,-0.2239611546242305,-0.5798322806107535,-0.43397347906614114,-0.34335033096681333,0.515667373679676,-0.5459816730621754,-0.9448812279491793,-0.6331334832244798,0.26120569778073555
2023-10-02,-0.07292775597909862,-0.1039559436297608,-0.05278079774715971,-0.0844284941365413,-0.6691373310059001,-0.07559802602031596,0.027749621875660768,0.2752907797918447,0.11868953920988146,0.08759697197793015,0.027749621875660768,-0.7386327238454962,-0.7599447122828638,-0.3062968324896196,-0.6828350622403447,-0.0551831623570187,-0.4697074258768109,-0.07559802602031596,-0.13465867951248778,-0.5765844305432122,-0.7990650121903798,-0.42832369266555725,-0.08705466018936314,-0.7982165010974985,-0.875945237342503,-0.6261727828443808,0.20661340997917033
2023-10-03,-0.1410114941729581,-0.18153021687355853,-0.1876992578297868,-0.2123106945094242,-0.8435630113868775,-0.5788323431380497,-0.00420124962118773,0.253451388165576,0.04895194171599271,0.0985202422938154,-0.00420124962118773,-0.75333934416567,-0.7756986585722445,-0.45872396802057547,-0.17708577711914142,-0.1369798988094204,-0.6738301878670188,-0.5788323431380498,-0.325262462126808,-0.5781501222711455,-0.4594435499874213,-0.35848584866689115,-0.237733558493038,-0.7117355189411003,-0.3566340707118739,-0.6389862834691884,0.28224206297339927
2023-10-04,-0.19890978199703857,-0.27472755392518833,-0.360630788845987,-0.3199454309208771,-0.4156269592683084,-0.5161788040794916,-0.02996358654571596,0.22853388371289363,0.04077267427291709,0.06073047249649388,-0.02996358654571596,-0.7928002761825993,-0.7929217060115255,-0.5582707907006295,0.5342800666513647,-0.23525008166913963,-0.1621495637076168,-0.5161788040794917,-0.598436122463474,-0.6383919046042857,-0.06887978114400539,-0.13295646503145708,-0.81386612628515,0.16026047876204386,0.07536140086137122,-0.6658837615262145,0.45541152049995737
2023-10-05,-0.3683141826065326,-0.31836261352265605,-0.3172635827037861,-0.2517413151732013,-0.756438043075674,0.14017643743649777,-0.04771720100526755,0.20355546628135546,0.031968035433566966,0.03776060409856341,-0.04771720100526755,-0.7984383350302904,-0.8030472395827353,-0.6720175510100191,-0.17516945022446617,-0.28126025128763843,-0.570943739929457,0.14017643743649755,-0.4362844995852141,-0.37292155768939794,-0.5273686187554161,-0.1311975308567559,-0.5745462867302089,-1.0,-0.05332065955049259,-0.676454381507378,0.43569981395279345
2023-10-06,-0.26484911463888283,-0.10664973571129321,-0.24552169269017388,-0.09615116694512471,-0.33597110069634073,0.46247274747715394,-0.053457710045959894,0.18150145118411665,0.025215783732722485,0.03412064662140013,-0.053457710045959894,-0.7512890169788733,-0.8044923503271179,-0.3729176540051492,1.0177439097557808,-0.05802358085837134,0.028241546640508375,0.4624727474771537,-0.2899748493846971,-0.27017468399035527,0.20564742819147308,0.1800075027402137,0.32066804565824136,-0.5748141680542118,0.401658153007348,-0.6583567039588896,0.5797513861894594
2023-10-09,-0.041835041546261276,-0.12119535478076715,-0.20001380573488958,-0.06098397516578935,-0.7084599969859946,0.009096802241413071,-0.058050134655631136,0.16211568475971783,0.018062109200996268,0.03290752671793018,-0.058050134655631136,-0.6994571741086235,-0.7963778126070534,-0.33466294468608015,0.405953395282187,-0.0733609358835815,-0.5095211380990172,0.009096802241413071,-0.25619883826408685,-0.17557323898021526,-0.11133283864835619,0.31580243652404616,-0.8847762030719033,1.500685509548656,-0.811605947725973,-0.6349219325049759,0.6506153045779972
2023-10-10,-0.041834679860006885,-0.049007617930637126,-0.010485246799227022,-0.011962189474045926,-0.6856133083718615,0.05789157298328251,-0.061774463639803434,0.14285070756287244,0.010023040224825142,0.034093666267963396,-0.061774463639803434,-0.64038972985766,-0.7793114572480284,-0.11938957685614526,-0.5838475225368716,0.002756068366890352,-0.49088200388887004,0.05789157298328251,0.006340290171526153,-0.12229842772376864,-0.7141570683136436,0.17881348447136203,-0.13136844843089301,-0.7405625193088332,-0.7840329440446907,-0.6046569489219892,0.5524808128383467
2023-10-11,-0.005380052044561046,-0.006449074974197666,0.04251866112961333,0.027468844512938517,-0.5298164663993311,0.022105631270938675,-0.06339857248300507,0.12455537798539473,0.006012577702942723,0.03510042682740533,-0.06339857248300507,-0.5792045944678355,-0.7568059093464513,0.004042664612964542,-0.6791231654113856,0.04763112521809232,-0.2760675364874825,0.022105631270938453,0.23561694665915534,-0.17213443832661757,-0.7509483880736366,0.04454632979619588,-0.08705465191640538,-0.9639648756460095,-0.7564564291697093,-0.570126440963189,0.4606318659647515
2023-10-12,0.011238138594520164,-0.04523679828973581,-0.020122419568953553,-0.03540712176800531,-0.9357845486966184,-0.3395274785139941,-0.06824303046044,0.10450478293643783,-0.004123273023443397,0.036331973518343386,-0.06824303046044,-0.547758930900027,-0.7308892500888611,0.18175498180717065,-0.4811747707512358,0.006732138363795048,-0.8254635156869639,-0.33952747851399423,0.0326288750538859,-0.19098686789392127,-0.6632157722038223,-0.03475374025057043,-0.512501678441937,-0.5748086685545568,-0.5772285223051092,-0.5486858463171691,0.4313774032892368
2023-10-13,-0.06059829064834277,-0.14328238298841978,-0.173779920246519,-0.2096472397608694,-0.7621057792895647,-0.7397300163338942,-0.08904893560672078,0.08537073866027112,-0.04577845611403897,0.03980184051313507,-0.08904893560672078,-0.5733911091572264,-0.7101236403257183,-0.15906248507424514,0.006328221069187068,-0.09665018823197613,-0.5939737300636746,-0.7397300163338943,-0.45387546035848925,-0.44584006340982374,-0.2726486192077391,0.06152421426386101,-0.9379553782533339,-0.8630731490552483,0.3097422573839179,-0.5569076366283182,0.5432058749690685
2023-10-16,-0.17853858254393706,-0.23863420853795814,-0.18662908316098092,-0.2075157319802522,-0.7712883906748604,-0.11006505073834616,-0.10786665957703456,0.06570101997651911,-0.08579027164898678,0.04520657038848719,-0.10786665957703456,-0.5905228296400442,-0.6939448014402363,-0.0932134431377506,-0.6671454732422908,-0.19719213105133182,-0.5943737290548179,-0.11006505073834627,-0.5000819782814752,-0.45610007788750784,-0.7990650783814018,-0.07743244809632843,-0.5568221901262267,-0.6612896771290302,-0.7196936541656864,-0.5622175193704562,0.455988256484394
2023-10-17,-0.23375515825524584,-0.2596430684374933,-0.2016191616558466,-0.2085804525625422,-0.8261204433487798,-0.12188230988545601,-0.12721638399923674,0.04787394685422286,-0.13761372343142786,0.0611214547486405,-0.12721638399923674,-0.6017585719869947,-0.6773868199200155,-0.09690964460537532,-0.7101293789325271,-0.219344529063067,-0.6725591158178132,-0.12188230988545601,-0.5691398237735681,-0.3163969966627519,-0.8301970900670048,-0.21101403807724084,-0.3263744878762158,-0.7477706220483393,-0.8345822412155767,-0.5654851730807198,0.3731051822254636
2023-10-18,-0.25091046689475716,-0.3237496974648997,-0.36437825250214373,-0.39933861921636904,-0.5297285945200461,-0.8231754713406323,-0.14961835566537351,0.024245097989268105,-0.1392296295659513,0.022930667982103747,-0.14961835566537351,-0.6651721281377347,-0.6634453121257693,-0.434161581780663,0.16092553658631825,-0.28694056084188746,-0.24217151693415517,-0.8231754713406323,-0.8912359847002695,-0.4123830253238132,-0.18491362354985885,-0.054168907780985376,-0.7606801762437561,-0.8630731353767109,0.3143355499052165,-0.5982115153119355,0.5315190081471246
2023-10-19,-0.2911173609431914,-0.302740060668789,-0.30923314255604584,-0.31941224398331725,-0.46391255693548583,0.18973739849830218,-0.16493574169593295,0.005143151691947345,-0.14907191691767374,0.005290744673395853,-0.16493574169593295,-0.6875132003560914,-0.6513283641536454,-0.27213395280295294,-0.12884953385645792,-0.26478734364613954,-0.20092256560224453,0.18973739849830218,-0.6951110875024697,-0.3977144191967942,-0.25001079520144365,0.0542616402290792,0.2497647649612258,-0.5243627874393296,-0.7196936321144201,-0.6119996376008221,0.5746102738321723
2023-10-20,-0.3264997316442798,-0.3937827502422392,-0.3327905695664095,-0.3524491679516577,-0.9353451893001927,-0.24296336122565654,-0.17266445363398952,-0.01278479934043475,-0.14171756096392019,-0.015557633910001756,-0.17266445363398952,-0.7113195966976736,-0.6469622897968665,-0.3853277825599033,-0.7155358997549197,-0.3607855989124593,-0.7839285156358001,-0.24296336122565665,-0.5010617495209789,-0.6034029733594715,-0.8415181273423339,-0.10166201164775002,-0.6631873117035015,-0.6540870650306513,-0.7380733184435211,-0.6278451467757867,0.4856398275137275
2023-10-23,-0.3592009878187803,-0.24940805636141605,-0.3258302863161928,-0.2330921720548288,-0.3795555528217638,0.33691372095254524,-0.17748089100947517,-0.031266933462947955,-0.14511116375978517,-0.020814644656966363,-0.17748089100947517,-0.6902707642227118,-0.6459588089269526,-0.2365962825466269,0.5141039162990164,-0.2085524126774846,-0.03496161160447819,0.336913720952545,-0.3277646774212094,-0.5091640997498017,-0.11982297778626783,0.06810198968300774,0.24976471802539835,-0.7621814026511053,0.029401757826710062,-0.6200720742571944,0.5548819692418376
2023-10-24,-0.20748682416052677,-0.18422402235638446,-0.16146533529649154,-0.14890278126054257,-0.8349076312772925,0.19489301032894168,-0.17532469482879776,-0.042882610625518125,-0.14292033066076182,-0.019112501875052534,-0.17532469482879776,-0.6448722852665809,-0.6464484625192748,0.0052067408794505,-0.41147003991538245,-0.13982033144151562,-0.6576452954199891,0.19489301032894146,-0.20178009007233233,-0.4691680087463438,-0.5103853163949428,0.05022814290418509,-0.07818927902810668,-0.9351378812990326,-0.5450588585668719,-0.5975065908268158,0.517012202826008
2023-10-25,-0.21552833050558895,-0.23594019817782141,-0.24338003409071252,-0.28104758387145246,-0.7542851820331884,-0.6004981578866901,-0.18019715168678385,-0.05691146018571214,-0.14282779179943872,-0.027849614689286817,-0.18019715168678385,-0.6458336588783243,-0.653726712929017,-0.02435177564412494,-0.14416109150690593,-0.1943514823902016,-0.5114778319897562,-0.6004981578866901,-0.10794137033043094,-0.6526822338840292,-0.48491560808821577,0.045497779230617263,0.09907914090605585,-0.8919001354274074,-0.40259023964259555,-0.5981564692886423,0.5563209604120738
2023-10-26,-0.28307615924322727,-0.328598585557197,-0.33760901049309566,-0.35564580963777237,-0.46215511934978326,-0.3979520127195334,-0.19327434489500894,-0.06699846856470859,-0.1453179971374633,-0.04864343749088296,-0.19327434489500894,-0.6658367139819168,-0.6666249830863556,-0.18732553879380387,-0.10737329566903919,-0.29205337988340574,-0.168949600198532,-0.3979520127195335,-0.34478521873230294,-0.6696471981358787,-0.4735946833206607,0.04618093330105011,-0.30864368269175,-0.6324626733151296,-0.33825095288052254,-0.6095282560627902,0.5816497418690236
2023-10-27,-0.31524131047115866,-0.3576887172258355,-0.3360026493457414,-0.36949957690376556,-0.7239693836798196,-0.1707787938357216,-0.20472738581723782,-0.0765374735784442,-0.14471748325376788,-0.06955202378360692,-0.20472738581723782,-0.6823016717729082,-0.6785218685371147,-0.4208710826916494,-0.36979482151927257,-0.3227269232369755,-0.5367293296671605,-0.1707787938357217,-0.31594948507315557,-0.5011493296894707,-0.6349144527551616,-0.021380496704297425,-0.2554644673933534,-0.8414542622149132,-0.4945025308900607,-0.6201000245026508,0.5428225368625172
2023-10-30,-0.31416878911663626,-0.3873170061738991,-0.3520636052716811,-0.3268714879074589,-0.8313488201662448,0.04510114060893455,-0.21685244331551246,-0.08500207040663943,-0.15496940608414156,-0.0811291312526412,-0.21685244331551246,-0.6788573092535511,-0.6881711179769756,-0.40894093571666046,-0.48896914697996996,-0.3539679164333137,-0.6782682656991083,0.04510114060893455,-0.4292764366467543,-0.4553528290678537,-0.7056687344943648,-0.10982561932290835,-0.7606801509604695,-0.048730967490929866,-0.8529689069593004,-0.6204364762741086,0.47233020050665075
2023-10-31,-0.3463348672532012,-0.41640807372899613,-0.3488520471253027,-0.34285758960048407,-0.774847201785908,-0.17853676546506503,-0.23043368153786759,-0.09299498550452001,-0.1683467393340714,-0.09225972662364734,-0.23043368153786759,-0.677443293733047,-0.6964385664536004,-0.5051871589040455,-0.7701006303537415,-0.3846424466147942,-0.605849828936327,-0.17853676546506514,-0.5730997448578838,-0.4722311012844873,-0.8754787935829906,-0.25821848708616624,-0.7075010088841629,-0.30816857341971404,-0.9908373777669419,-0.6216787134722908,0.3822779076607745
2023-11-01,-0.3758198338532328,-0.42179485658717597,-0.4013202450224884,-0.3876159464077856,-0.6422924718842938,-0.28816792555209503,-0.23964650791636488,-0.10250782832777094,-0.167317227983659,-0.10960852087677397,-0.23964650791636488,-0.686270402217175,-0.6987432441992985,-0.6134673337034873,-0.3418983815386747,-0.3903224386966031,-0.4065028627756003,-0.28816792555209503,-0.4498753696702449,-0.306829182456546,-0.6264221063940083,-0.2816055275061049,-0.3086368695658145,-0.20727129635185304,-0.8575655881970646,-0.6285808930391747,0.38050281998799984
2023-11-02,-0.32757176949926947,-0.25802760241886913,-0.28032218228673145,-0.23788754790720812,-0.6131190079616315,0.45698848513001056,-0.23533411555500927,-0.10943938584329038,-0.1663151968198745,-0.10292683826923765,-0.23533411555500927,-0.6446569501296272,-0.6940618259093896,-0.31463248903142016,0.01936753348520992,-0.2176411312399521,-0.34233738376987755,0.4569884851300101,-0.11045867825746858,-0.2263883728056657,-0.07737345499076087,-0.069915214388104,0.18771333357103237,-0.9495541305652871,-0.28310145760646377,-0.6074892138672185,0.46994616289741287
2023-11-03,-0.15066120581647446,-0.13520115920230058,-0.15557596778532778,-0.07750161050354476,-0.6015638558356374,0.47862990200113087,-0.22617728693761596,-0.11378961739499327,-0.15015648910348034,-0.1023456807594254,-0.22617728693761596,-0.5608005408812414,-0.6776198213673374,0.09339443230524225,-0.05509142854401439,-0.08812909348489872,-0.37733907929881316,0.4786299020011304,0.1564864395511878,-0.0005866666519164232,-0.22736779425219333,0.050180932787795784,-0.45932248821641675,-0.2505145556664993,-0.41637672274982296,-0.5602619953774127,0.4950689201725329
2023-11-06,-0.06649541670230996,0.001630673246977521,-0.01583964050940867,0.04931421599421837,-0.33597110069634073,0.33845475948072945,-0.21853263680540636,-0.11424825868615007,-0.12330859641856773,-0.11481408035604646,-0.21853263680540636,-0.4548774996657162,-0.6519065513496545,0.21554830187264096,-0.10955653685020905,0.05615066408340885,-0.02259648438076256,0.33845475948072923,0.2799841798034337,-0.00010069728437211989,-0.36039037776046057,0.09806560434122868,-0.317502410269502,-1.0,-0.044127451480421964,-0.4962534716509187,0.485977892329436
2023-11-07,0.010165939106969724,-0.07594345647113787,-0.037255084421802476,-0.05512263876149759,-0.5453697890327986,-0.4844057961686774,-0.21822460567653867,-0.1172619824384693,-0.122407577104798,-0.11514116574428646,-0.21822460567653867,-0.4022696335834878,-0.6254057612719381,0.08825469204297098,-0.5923013943426273,-0.025645921031030805,-0.35082249489896733,-0.4844057961686774,0.14746241288891548,-0.2160178266308146,-0.5443503683645072,0.06184723892243982,-1.0,-0.6108438043035019,-0.41637676128471546,-0.4568184220850675,0.4953722729077552
2023-11-08,-0.0632781171827782,-0.10018501586904371,-0.05599303540245515,-0.07004153993298823,-0.2697157037153549,-0.17139705493016666,-0.22127685292047428,-0.1223590865935934,-0.13213356397329,-0.11112636519374264,-0.22127685292047428,-0.36516894309198655,-0.5947472475925759,0.31789660732813885,-0.625497154665061,-0.05120697835520349,-0.07658505082918277,-0.17139705493016677,0.1974914005255095,-0.07871181965734253,-0.7622735320684024,-0.061609001449841494,-0.18455433795742848,-0.5603978805155955,-0.9173082309668351,-0.42381127957715015,0.4251328783292503
2023-11-09,-0.032185303529378984,-0.1007240332518975,-0.14433309883610668,-0.18993172276737702,1.0,-0.5487734390836236,-0.23270191668354756,-0.13208160300950655,-0.1646441740389364,-0.09987582617546964,-0.23270191668354756,-0.37214143978054004,-0.5626653360618026,0.07826731648117402,0.10610121188536281,-0.051775335117889454,1.0484626439973326,-0.5487734390836236,-0.2186689207817245,-0.12759693287202567,-0.29812314999989775,0.027487313645722322,-0.7075010161587806,-0.9927918764538429,0.3832714466335907,-0.41407907950878386,0.5157879261821854
2023-11-10,-0.4975129333474302,-0.5155312175707201,-0.6256489726835212,-0.46487886689228264,1.0,-1.1304957307638464,-0.2552719685185856,-0.15029494959224732,-0.1810238019050998,-0.12404781100989193,-0.2552719685185856,-0.46009588308534266,-0.5383926048314995,-0.1758019535957156,0.8990534859640358,-0.4891609852245421,0.6699363324369465,-1.1304957307638464,-0.8472787488307953,-0.4320361350900065,1.2952645051003495,0.7778698513265105,-0.2731886701647378,1.4142044797523377,-0.7840329643117098,-0.4507380668832093,1.1009736726300052
2023-11-13,-0.48464665526936557,-0.5122984781288974,-0.5019737641747345,-0.515498560103876,0.2392382211041013,-0.31561603178785524,-0.27134538948824416,-0.17236060249372243,-0.17222087236746275,-0.16111068115058247,-0.27134538948824416,-0.5431768401607059,-0.5235714987795652,-0.35049293946084437,-0.21782846555621016,-0.48575228379448143,-0.13701584190446547,-0.31561603178785524,-1.0822209865689243,-0.5389684772362904,-0.5698195397901369,0.6402508429268718,0.0015862103086032864,-0.5820168010166036,-0.6875239900053677,-0.49023466075133726,1.0330222398747697
2023-11-14,-0.4546253827506622,-0.4034793525699505,-0.403461874996941,-0.37802519470302687,0.36291789119791784,0.42491685964741777,-0.28030618249897865,-0.19138634912435137,-0.17729365799078145,-0.17209448497779323,-0.28030618249897865,-0.5650477958891097,-0.5112939351446325,-0.2890453176446435,-0.13734322118290332,-0.37100999924413713,-0.15615479741125582,0.42491685964741754,-0.7524277590103754,-0.36146170452901927,-0.16227674167759565,0.6931574955531723,0.12566866522890874,-1.0,-0.40259027407133574,-0.500193565812812,1.0069730436850555
2023-11-15,-0.32060216400700103,-0.3426049189074448,-0.326900723214801,-0.35990841187579936,-0.3034585053608436,-0.04852482946708969,-0.288258928924246,-0.20442396268421714,-0.18346332313514724,-0.18022556454300598,-0.288258928924246,-0.5745307399501154,-0.4990880119506751,-0.15108267172656553,-0.3162187444791117,-0.30682209520367865,-0.6776288911101195,-0.04852482946708969,-0.706366055381602,-0.28811721844802585,-0.5726507100863671,0.5656373705287474,0.08134825541405943,-0.83425163713621,-0.6231811579184758,-0.50448053601876,0.9171619482351441
2023-11-16,-0.40047985802842156,-0.4708175366449975,-0.43986786671081335,-0.43450622431891184,-0.09335684199010474,-0.40268869390413564,-0.2901070939760566,-0.21722572013289387,-0.18188952096545374,-0.18503178087014005,-0.2901070939760566,-0.6020226839801694,-0.4944308421732392,-0.15108226623012777,-0.42832905768237906,-0.4420134835908025,-0.5579093959951094,-0.40268869390413575,-0.6500242556669111,-0.5439845144319333,-0.5896340706580443,0.4479448912397552,-0.7075009855280944,-0.3225847667789029,-0.6645441298711067,-0.5195873845425272,0.8714297233302726
2023-11-17,-0.39552383563022175,-0.44201349044139115,-0.3922261682560255,-0.37786027874327,-0.6840316145447292,0.10178947463679489,-0.2931787167059908,-0.2268393595540622,-0.182051168706313,-0.19032637334803026,-0.2931787167059908,-0.6039259319667042,-0.4991416601640837,-0.07735594333798101,-0.6012937151755274,-0.4116415976863791,-0.9733207834675319,0.10178947463679466,-0.1541386635713956,-0.6507675945550075,-0.7807159465282378,0.2652175131570389,-0.5110881625152479,-0.3567457996338098,-0.9078203399587091,-0.5217140451589279,0.7306267607513175
2023-11-20,-0.3826203080057491,-0.43012731321337727,-0.3788024551422161,-0.36182871149742957,-0.4909770957553049,-0.056517395864980724,-0.293671640364928,-0.23638634332441466,-0.18203689519152122,-0.19121502936852752,-0.293671640364928,-0.5979473583910733,-0.5147699489161865,-0.10490444681752442,-0.6180431512462667,-0.3991084411965873,-0.8286909628139179,-0.05651739586498061,-0.0474003473606488,-0.7612367458666922,-0.7892308614054758,0.10325645066124611,-0.5821980527079869,-0.36397492930296715,-0.880167020071509,-0.5194151466702948,0.6204697700783985
2023-11-21,-0.39606235089986275,-0.45714200907154745,-0.3777294363525604,-0.37839553229686684,-0.7383803718825803,-0.18120898035063693,-0.3013077757095688,-0.2471400098517793,-0.1870827669871057,-0.19987400194159477,-0.3013077757095688,-0.595644168921929,-0.5358932875599624,-0.10548680440639013,-0.8682417244359115,-0.42759358021307436,-1.0001391994026756,-0.18120898035063693,-0.2905421309437255,-0.6743533500959429,-0.9283090848962811,-0.09586681327243407,-0.7510984816212349,-0.5591172348240707,-0.9078203562188711,-0.5188411008146203,0.4976859896983017
2023-11-22,-0.3734800104727547,-0.3977103252263705,-0.36054606338659334,-0.3425901694852893,-0.8063492705096261,0.019267380986132565,-0.3114866394920066,-0.2570000861301718,-0.20247987190544514,-0.2030075756869355,-0.3114866394920066,-0.5805304031380076,-0.5594183760283495,-0.02226719292500845,-0.4939534085366145,-0.36492695663893626,-1.0321549955497245,0.019267380986132565,-0.26354996714598256,-0.6197472073311834,-0.7154313252598992,-0.1785048731478357,-0.3688547917991245,-0.4868424374167648,-0.7925934691070382,-0.5107895331914354,0.4332733776417712
2023-11-24,-0.3616519127518759,-0.392847943971129,-0.3315510490753859,-0.3009077639875385,-0.9785342179688328,0.040566812263372,-0.3125303526111165,-0.2657958572600635,-0.2035341990879196,-0.20383746885210519,-0.3125303526111165,-0.5537884526528547,-0.5792606544328807,-0.1398466661653739,-0.7131416821738323,-0.3597999099850009,-1.1060290838555544,0.040566812263372,-0.08280868945895425,-0.44543690533646707,-0.843159356768296,-0.30408636756958474,-0.9822174421666308,-0.7181248174827091,-0.5344864504900815,-0.4952263023285721,0.34086158050401694
2023-11-27,-0.3379948777181786,-0.4187813930604647,-0.34604837055766324,-0.36770699415322516,-0.5913267818989201,-0.36973357941162976,-0.31316420469288,-0.2794183390899645,-0.2036129950592661,-0.20488598300541794,-0.31316420469288,-0.5507951674632693,-0.5891682241928284,-0.42202214675832206,-0.8173328359949925,-0.3871449486397043,-0.6472852754087257,-0.3697335794116299,-0.2744226435239866,-0.20471739496239283,-0.7722018429681997,-0.3829459190811517,-0.8844404985692632,-0.681990215222255,-0.7050199385154488,-0.4918026446256615,0.30931345722728376
2023-11-28,-0.37778110205533033,-0.4436341910108127,-0.451290528469363,-0.4809984719813015,0.1672711519695822,-0.5511082702384853,-0.31902381215255404,-0.2949488617935111,-0.19998789390574723,-0.2188007354802004,-0.31902381215255404,-0.5803943825913,-0.5932336961582794,-0.7218176659888638,-0.08686166897653591,-0.4133505149833365,0.14231157730958643,-0.5511082702384853,-0.4718838992505545,-0.2790023427991447,-0.4770051740211404,-0.3265777840903328,-0.6355389360749724,-0.7976286324063259,-0.06896892979418034,-0.5070177388286284,0.37920999583639126
2023-11-29,-0.48154790840489936,-0.4982022179805864,-0.5146503397646123,-0.5488665559613524,0.2525947467554408,-0.383911886304258,-0.3306903309631204,-0.31237108162466887,-0.1928915807276005,-0.2463874844217988,-0.3306903309631204,-0.6215605877318375,-0.5994068918053168,-0.6969078544375298,0.027182616304815665,-0.4708887468498014,0.2496114741063784,-0.3839118863042581,-0.5511224757554772,-0.52055888426523,-0.42875250921496433,-0.2573398776206831,0.1822825040769951,-0.8626797132003263,-0.3731659694848283,-0.5307056547198106,0.4465536005279598
2023-11-30,-0.5267115243779963,-0.5949128442669005,-0.5135771247303982,-0.5087874311851477,-0.398755558445564,0.041501233844654095,-0.339410450896649,-0.3255450150364312,-0.19028479193901193,-0.2643914127925072,-0.339410450896649,-0.6389261805197541,-0.6064411514915105,-0.6145348972934905,-0.8626827890057667,-0.5728634516031048,-0.42025622358194126,0.04150123384465387,-0.5426265295929973,-0.4941775724403267,-0.9425057586058501,-0.4143813644421426,-0.8488821695768664,-0.4868424779975742,-0.9124304014753756,-0.5430432335517403,0.32937514820027136
2023-12-01,-0.5299372342272832,-0.5538513971302486,-0.4786752074020052,-0.4697763335768925,-0.522479164479023,0.0358734686922586,-0.3437282301644259,-0.3364100284156847,-0.18926273738142796,-0.2730455105049603,-0.3437282301644259,-0.6377671762755708,-0.6103457142824907,-0.44374441528638753,-0.8073052484570046,-0.5295669793405111,-0.5075457934412566,0.03587346869225838,-0.5444200320806969,-0.3623995658860477,-0.9112829697356855,-0.5372931527018684,-0.8222151119172798,-1.0,-0.548313105256599,-0.545562427239642,0.2370243653245241
2023-12-04,-0.5213351739048717,-0.551690413693424,-0.5076707416792989,-0.5371104039729687,-0.5437002233263812,-0.38116840423353415,-0.3594533050926444,-0.3445674990162658,-0.19453812342778198,-0.29583772515189743,-0.3594533050926444,-0.6540209879488055,-0.615817866187274,-0.18951898952989654,-0.5190508777226996,-0.5272883709144363,-0.5451381255286138,-0.38116840423353426,-0.5488907749140439,-0.5069862948464425,-0.7466541619121454,-0.5742652211589314,-0.03994536581211894,-0.7976286453524661,-0.8156402684356231,-0.5580142083785191,0.23088735055587573
2023-12-05,-0.5718742802208594,-0.6338126961698116,-0.5962675522230134,-0.6268887511778629,-0.3816644779246068,-0.4741786100938382,-0.3883252771916109,-0.3565050808932281,-0.22169095270462102,-0.320746718605988,-0.3883252771916109,-0.6904674061983381,-0.6259243277115422,-0.24663702541416666,-0.44343970734015026,-0.613880670341848,-0.3818938709701263,-0.4741786100938382,-0.5185186007930587,-0.629750467069107,-0.7040776278783081,-0.5883201784666018,-0.5555310119966433,-0.8193105013204357,-0.474566245142783,-0.5830973174234868,0.24645298759957734
2023-12-06,-0.5987568885625889,-0.6289503139707086,-0.5925088562667085,-0.6167350532646106,-0.39335143786952875,-0.07683473381521067,-0.42332820043982367,-0.36700059144696295,-0.2937143988851896,-0.3130233659181275,-0.42332820043982367,-0.7123302354838088,-0.6386705732018436,-0.5141104901848959,-0.42747418569117623,-0.6087536226926754,-0.43247151402625283,-0.07683473381521067,-0.3979077152171404,-0.5995785728298006,-0.7040774318648185,-0.6005010586558721,-0.03106084795817665,-0.7325775530914054,-0.7925934863493762,-0.6016700627185316,0.2352883443516096
2023-12-07,-0.6240269319647609,-0.6548837763434059,-0.5758638007936189,-0.6097883301176583,-0.6284965868365289,-0.08988459330997378,-0.4524775764980853,-0.3773645998948332,-0.3503748381075039,-0.3098097113899535,-0.4524775764980853,-0.7234804097829769,-0.654285769867769,-0.5419528890526196,-0.8251909832913041,-0.6360986753537701,-0.690651851688538,-0.08988459330997378,-0.4491719611457261,-0.6309624224622169,-0.928310651210954,-0.7057906497420219,-0.15550489259005928,-0.9566307726613762,-0.9493038431029319,-0.6150300285071665,0.16179388199858935
2023-12-08,-0.6267152263718787,-0.6149030622428551,-0.5769373842656406,-0.521078423403921,-0.39124251276668565,0.23984572178932173,-0.47618094221427987,-0.38755191699873126,-0.4218759288838909,-0.28253906759634073,-0.47618094221427987,-0.7015740512313989,-0.6704291842009132,-0.22974318383117576,-0.4366119313234703,-0.5939417617571217,-0.506086279696921,0.23984572178932173,-0.3701437028543405,-0.5740813689920725,-0.7125923583940417,-0.7059061401746756,-0.9733329462587792,-0.9783181427644366,-0.16114907271896084,-0.6093044941442082,0.1388094181499553
2023-12-11,-0.5202595589019718,-0.5046858591667702,-0.46901019191135707,-0.424352939728867,-0.554200912900954,0.26448267763784306,-0.4885004931000372,-0.39425999818084323,-0.46519981595311544,-0.2623898535517388,-0.4885004931000372,-0.6516129458348202,-0.6814420513818387,-0.15094003829578273,-0.4444358273104738,-0.47772530060895146,-0.6659448257106666,0.26448267763784306,-0.11112424886818584,-0.38676161953348054,-0.6643391493901258,-0.6856204791623401,-0.7688742250899002,-1.0,-0.23950598615494056,-0.5854725670517613,0.12807022101945997
2023-12-12,-0.41918113817871394,-0.49171954091422665,-0.4045766171381989,-0.41206194751009384,-0.8442659864211585,-0.07037403560660949,-0.48572480268091955,-0.40202855267547444,-0.4616590633164166,-0.26089734870407577,-0.48572480268091955,-0.6055789768605981,-0.6841930998196559,-0.1579576369348229,-0.933866973481513,-0.46405320968870456,-0.8872851685694364,-0.07037403560660949,0.05773669765388312,-0.23810112654563054,-0.9765654190994836,-0.7999472254906703,-0.7599897425558817,-0.508524367538638,-1.0000004217340221,-0.5608694828643621,0.05070501693846463
2023-12-13,-0.43047153326608967,-0.4052746054649544,-0.42981306197003954,-0.31640531764940416,-0.5709405059047706,0.2513092798821661,-0.47526184474895417,-0.4077330892276254,-0.4451198789532198,-0.25836711018015024,-0.47526184474895417,-0.5381291868863946,-0.6750794399962543,0.0310090910056926,0.07982186160390059,-0.37290296996468186,-0.5152520315777189,0.2513092798821659,0.1950080190252319,-0.03815274943849356,-0.3890127467247375,-0.6508043552582178,-0.9288833335145115,-0.32060571362754187,-0.07818909078568459,-0.5209666300661695,0.1243651819795677
2023-12-14,-0.2691751384771861,-0.2577777119939937,-0.2289930659293663,-0.2212822880494817,-0.11651108218173578,0.2417820570845277,-0.46702452630342706,-0.4079537094710841,-0.4167782850179542,-0.2712321890589632,-0.46702452630342706,-0.4548294067519615,-0.6549695610573463,0.11417024544654786,-0.447687918707277,-0.2173776389715647,-0.035808297894529106,0.2417820570845277,0.3364100055917698,0.02562654804454323,-0.4542931873098376,-0.549126525763515,-0.08439489020229063,-0.8554505941656756,-0.6404931651588182,-0.4680625107583989,0.16557873443606907
2023-12-15,-0.19444213986952796,-0.2599396874393747,-0.30148243438539435,-0.27686020645717424,0.10668349120248721,-0.3239610614627114,-0.46266008947519555,-0.4068942017405752,-0.4042440719788625,-0.27564146036110015,-0.46266008947519555,-0.4052847603468679,-0.6295742586624868,-0.03315216473054461,0.14722039343277893,-0.219657293402443,0.10548435288740077,-0.3239610614627114,0.09601228623218194,-0.09027758096932781,-0.30385939218569835,-0.397451290424254,-0.6444234807828104,-0.05318335074394176,-0.2579427704226379,-0.4305931270391474,0.275071414406721
2023-12-18,-0.2600349001343135,-0.3231512705265419,-0.2612101764455773,-0.24907083393012053,-0.7678613873827405,-0.013731368299193636,-0.4529148933810624,-0.4068285319998127,-0.38172117964172514,-0.2801877604656189,-0.4529148933810624,-0.3577333180838336,-0.5972091658358675,0.11509941871514395,-0.7372857903106154,-0.2863095607884415,-0.7966126312987907,-0.013731368299193747,-0.01877189477329877,0.028461687128472857,-0.8488351960301055,-0.49623782684252393,-0.6977575208290676,-0.29892376854032654,-0.9585204346540463,-0.3920279806361131,0.2055903739028615
2023-12-19,-0.23799194361645037,-0.20645213790887162,-0.1935553725198882,-0.11867934836504701,-0.42669881605823445,0.36819839453775516,-0.43929414393782007,-0.40738252197354063,-0.33582384351457306,-0.30052327671778045,-0.43929414393782007,-0.2814954741729675,-0.5525349660977708,0.48265927529127906,-0.31771647317868035,-0.16325835069264272,-0.42520291982221625,0.36819839453775494,0.16274679697948535,0.3078707248926431,-0.5422931362784387,-0.4523466065720161,-0.9466658959672205,-0.9132670624618593,-0.022879022862444254,-0.334770750555084,0.20035613862871293
2023-12-20,-0.11433178963966417,-0.20104929978389763,-0.24510240786438764,-0.28808234486158324,-0.5253350005557896,-0.7327389056568061,-0.43541854714591655,-0.4129670925838528,-0.3277815763829266,-0.30144405573717603,-0.43541854714591655,-0.2736168307288125,-0.5046119456236191,0.28876158218083403,0.14032359746805056,-0.1575614294360994,-0.5181948960837992,-0.7327389056568061,-0.24715819069806644,0.08488270011745835,-0.29250760085963246,-0.30877951753537203,-1.0,-0.9638598965649331,0.5255984090664934,-0.3138087109188701,0.3342550356765819
2023-12-21,-0.22831364020477762,-0.26101995449883164,-0.217180784216638,-0.17211831917438902,-0.5902723193474986,0.3179721120663008,-0.42457804961513246,-0.41690548816187434,-0.29980742737445976,-0.30933282364360515,-0.42457804961513246,-0.23374980092402764,-0.45111604205469846,0.3610103054278708,-0.5870352293023444,-0.22079636072806152,-0.5928842460547705,0.3179721120663006,-0.2171254734538014,0.21853877437096347,-0.621763066962426,-0.32345676164525916,-0.9555571691453643,-0.4651550981628343,-0.5667498259347443,-0.27472773485514146,0.293266503737341
2023-12-22,-0.21541003853803709,-0.24156982032811003,-0.16939181424112937,-0.18815029974343678,-0.9071822519893095,-0.17677102566776137,-0.41646176279290714,-0.422207773412305,-0.2794238982742331,-0.3146953790303797,-0.41646176279290714,-0.2088857256707839,-0.397297051211684,0.29838791864846304,-0.836950786180598,-0.20028753180579295,-0.9061435586940143,-0.17677102566776126,-0.1569875575502152,0.08142419847762405,-0.9056070829768497,-0.45609391257824106,-0.3688548281148014,-0.9349544249477779,-0.8156402599214618,-0.24303457383715066,0.21528972666505863
2023-12-26,-0.18476371283879023,-0.22968350498910084,-0.15220933146586402,-0.15715519241970544,-0.916189119616035,-0.003843226850344439,-0.4089071261292846,-0.42520167732334735,-0.25839586246059576,-0.32167973041136544,-0.4089071261292846,-0.1819470681131985,-0.34599292594422526,0.44391935503765234,-0.8869853258400631,-0.18775422968745414,-0.8921779792358981,-0.003843226850344661,-0.15298434067593525,-0.00474122213121464,-0.9339908347818837,-0.5830375228014888,-0.6888730474337619,-0.7542649148909912,-0.8110301970435259,-0.20972860115456193,0.12930943491644964
2023-12-27,-0.1616448049801844,-0.23724759515698002,-0.16080093429940634,-0.17692816133902778,-0.919616122908155,-0.19027412190936555,-0.3988811158165486,-0.42439708324371694,-0.23697208646472867,-0.32466178984101457,-0.3988811158165486,-0.16892503925943547,-0.2982948721237234,0.5821680881546836,-0.8801960276586585,-0.19573004259671256,-0.8910020015935569,-0.19027412190936555,-0.3744790605980022,-0.04338743013493929,-0.9283127973983356,-0.6906564920444362,-0.8133238363478507,-0.5952572820013826,-0.8386835256600844,-0.1839283770760224,0.06732438012023656
2023-12-28,-0.16755899266969498,-0.16160833307788636,-0.12267749416436013,-0.11654122741311135,-0.8797222897127073,0.10384314981315779,-0.3797277745433555,-0.42215993136467045,-0.2051049077112842,-0.3215726324424051,-0.3797277745433555,-0.1428995210033459,-0.25512181389295663,0.6192715122750829,-0.5602045647690492,-0.11597364234925744,-0.8182190805785152,0.10384314981315779,-0.032203308276871456,-0.08976278652059189,-0.6898842942563008,-0.6831962910106563,-0.24440406146513327,-0.9204961778303598,-0.6082298104306127,-0.15093098028201057,0.05874008924743834
2023-12-29,-0.12831003375649608,-0.19024300786294024,-0.11623386798290691,-0.15127690976390984,-0.9184737884774483,-0.24395360135712463,-0.3588332243764899,-0.42075078130600296,-0.18591810797992225,-0.3030964890752863,-0.3588332243764899,-0.1355280700302628,-0.22024281468461604,0.54522086383307,-0.8653961101090202,-0.14616693774027234,-0.7990688925501308,-0.24395360135712463,-0.2594059843230899,-0.24135656484274803,-0.9169588537404564,-0.772664005597386,-0.5910893300851754,-0.8482214773209065,-0.7741567621530614,-0.1281870413703754,0.011221644547444454
2024-01-02,-0.1707846366746152,0.0042576470916055875,-0.1280467683333124,0.03522692111603831,-0.09739894843722063,0.5634384429820807,-0.3302436087153029,-0.4100643904347452,-0.13334354046991714,-0.30334130691435046,-0.3302436087153029,-0.0764637446619878,-0.18432392983586576,0.6126966560748595,0.9084935592972103,0.05892062734895043,0.3945462248079872,0.5634384429820807,0.03874782659499876,0.03685317678031663,0.16731718326695844,-0.3921236616462821,-0.03994531016329106,-0.8915851925243886,0.728398969806616,-0.07655298927444043,0.19951497243039218
2024-01-03,-0.0170158976717234,-0.004387207774002033,-0.03891343836952199,0.004766240699488833,-0.3805660794335427,-0.22512836800311564,-0.30530494715969647,-0.40209252502470183,-0.0935409029810893,-0.2976800770767406,-0.30530494715969647,-0.04268140353958838,-0.1499091178253774,0.48909006122157694,0.020628994197158246,0.04980522238873819,-0.0856394950012489,-0.22512836800311564,-0.05320946261367554,-0.03156005275716112,-0.3492750491490906,-0.2805691007241795,0.32451570464144774,-0.02427228149801397,-0.852513702064797,-0.037263208040947515,0.2733212361208326
2024-01-04,-0.01755352201168825,-0.043286847460123345,0.004042875891117292,0.014385511705559129,-0.6771336720208467,-0.08389460274920668,-0.2763221524939512,-0.3930717021381219,-0.06219053173441802,-0.2766449630335157,-0.2763221524939512,-0.01706425369215736,-0.12102387598923203,0.4869897270974479,-0.66176645185331,0.008788227418006,-0.4540299491724844,-0.08389460274920679,-0.009089345164819296,-0.17311809768011388,-0.780713779824993,-0.36616036450139444,-0.4755230448279838,-0.60971000428676,-0.7649401589665119,-0.001972122934306153,0.21993638670059723
2024-01-05,-0.00034871849814610556,0.050181204824786496,0.032501076410966556,0.09133843978449807,-0.30780816338545747,0.15394683145623222,-0.23857712010616683,-0.38509363667516705,-0.034241890144146137,-0.23676027928404353,-0.23857712010616683,0.022069928078895185,-0.08872442390344326,0.47198950074794777,-0.12728501458320352,0.10734386087448011,0.01965309388008407,0.153946831456232,0.011474172404934535,0.11500796226508014,-0.44010436369637096,-0.29644065024804356,-0.21773700281217556,-0.7614885322834609,-0.2487225752379758,0.04107382220554934,0.24244926822738466
2024-01-08,0.07546044552344999,0.1106924995974965,0.0792157178022943,0.16615366023470868,-0.7880279836786771,0.14241415887425024,-0.1974339272294564,-0.3773460912122879,-0.0012567799339777697,-0.19572883320547318,-0.1974339272294564,0.07070689756481152,-0.055466984224066485,0.4550915082581124,-0.035973968500903286,0.17114885992824425,-0.6120223220672081,0.14241415887425002,0.17361932889408416,0.05847434202604118,-0.36914391510052347,-0.20603791436467855,-0.4666385745848718,-0.37119856393410544,-0.2533326586745751,0.09018620256990939,0.276767642556057
2024-01-09,0.0926658877979365,0.04910121443480664,0.09586158297514191,0.07049744369722633,-0.6291556259311673,-0.4460337396669276,-0.1616828321878071,-0.3687012557967312,-0.0008994801008487263,-0.13262621104190453,-0.1616828321878071,0.07507793457984246,-0.024448109130187023,0.38344355644407724,-0.6777291382201793,0.10620508527779893,-0.4296989902419015,-0.4460337396669276,-0.24036407191310571,-0.02979535089371621,-0.6274417920429465,-0.2368131557156602,-0.3066293947297808,-0.7036665458085243,-0.7925934677929263,0.11577340212065979,0.2826404641239182
2024-01-10,0.04911571331331932,-0.03248109415136602,0.01317124723229135,-0.016609182294964886,-0.6817908816229585,-0.42232382579483707,-0.1351714328925716,-0.3603640141537633,-0.010913175356798144,-0.0758644419122173,-0.1351714328925716,0.04728352450148332,0.0005919791463728785,0.21804871683900773,-0.6582094507183571,0.020182151184307662,-0.5301859748235987,-0.4223238257948372,-0.32022333040544093,-0.16359312804007498,-0.6983995177933797,-0.29346286475075,-0.9288833266420934,-0.7687176375962796,-0.4146494832167863,0.12244490479875259,0.27103781191470544
2024-01-11,-0.019166294012150198,-0.0746230409395019,-0.07596245570281468,-0.0021804824474633833,-0.5994109947931519,-0.06665096183093466,-0.11298498092607678,-0.35133127903437467,-0.0130656228364473,-0.03440179144956479,-0.11298498092607678,0.025074803809170376,0.021783623510535755,0.0912036329276571,-0.2527670103480868,-0.0242536336562017,-0.46407792049499685,-0.06665096183093477,-0.31337268983828337,-0.12458570312189965,-0.5224187463749882,-0.2682118821777012,-0.7155400997402626,0.445516087104759,-0.8939936763705961,0.12966834753457412,0.2824644466608728
2024-01-12,-0.0073375472553612875,0.040997084692844465,0.0432408416703447,0.009042069280152942,-0.5806503485657771,-0.07816397229098038,-0.09085467877046427,-0.34307083673534755,-0.019515531530529318,0.011128665247575498,-0.09085467877046427,0.006533291532830887,0.038106971867490014,0.41416212248899376,-0.29132435381803723,0.09765983777549825,-0.47746254023285317,-0.07816397229098038,-0.4044604797152065,-0.18147164373873126,-0.5451265770438549,-0.25592117780584667,1.0001107020961033,-1.0,-0.8986037287860081,0.13680285973326378,0.2869270073064283
2024-01-16,-0.03153225900005063,-0.0389645488376823,0.001895391846229444,0.03308962681051719,-0.7833707740765654,-0.03289067818346625,-0.07248765206359342,-0.3338259276740898,-0.015944149390928586,0.04026212902651216,-0.07248765206359342,-0.005075089292603918,0.05235705130214119,0.30440690945263227,-0.6056585894197459,0.013345794076442763,-0.7357055280861583,-0.03289067818346636,-0.47241500043946805,-0.11488516155209061,-0.7466540991442688,-0.33040948306454887,-0.7155400858704482,-0.768717635354513,-0.483786301606942,0.14595517977475359,0.23662441362138753
2024-01-17,-0.08368511427655723,-0.15458477076804977,-0.14200765709538743,-0.14860477522799942,-0.28439030755597106,-0.7575420823097843,-0.06866822680396867,-0.3279484096456917,-0.018237584681284003,0.04926469490109131,-0.06866822680396867,-0.07286046023283221,0.052750657404897705,-0.00967050469412567,-0.3515376334259449,-0.10856777889489821,-0.1092413336785969,-0.7575420823097843,-0.5960241810776853,-0.5181748546285321,-0.07678488298958785,-0.11196331918123037,-0.7422071639842245,-0.46515509474482164,-0.41465304201183173,0.12270955835755393,0.4171374055622419
2024-01-18,-0.12400939493991958,-0.07948621728915717,-0.07649995129111986,0.008506815726556205,-0.457849397264812,0.4557400474512978,-0.053671318262678236,-0.3218893317071799,-0.018668533952618027,0.07629831102736406,-0.053671318262678236,-0.08221417934347286,0.0484322800685415,0.14985813538720683,-0.26491844607020176,-0.029381518682518926,-0.3103843170949707,0.4557400474512976,-0.2542812230307463,-0.3165679243762307,-0.408885217180311,-0.06294724945360386,-0.973332946381862,-0.9566362857290306,0.09695794748400455,0.12764457353568903,0.4020745131154364
2024-01-19,0.014168084327523367,-0.07192176259834071,-0.06468642888465426,0.015454778843130734,-0.5205899190743928,-0.09336935923679324,-0.03976968943664316,-0.3196034433466365,-0.01888792609524459,0.10118292657675454,-0.03976968943664316,-0.09074420640123915,0.04038382327660983,0.18824346874443232,-0.33175865904698,-0.021405321408890954,-0.40801169562684925,-0.09336935923679335,-0.26498454419479567,-0.31945837132252763,-0.5678344760684012,-0.08761867218161778,-1.0,0.712938591194292,-0.9907873348712988,0.1320913504595116,0.3854563442474246
2024-01-22,-0.00034844472870554366,-0.08650919827156223,-0.0571692242425651,-0.0999748199368814,-0.43368463046140204,-0.5257017090554108,-0.03878670934315265,-0.3232746064801252,-0.01891965111797933,0.10295823187778463,-0.03878670934315265,-0.1352560335302314,0.023198263871329505,-0.04786940227012515,-0.5121499018753599,-0.03678676916707879,-0.2850048899612112,-0.5257017090554108,-0.4441141000419929,-0.5239582238779317,-0.6189236033457424,-0.13058442789395464,-1.0,-0.9494071569140329,-0.11966900914131295,0.11585909685308993,0.3917880384432093
2024-01-23,-0.05357606803631909,-0.08488847174647063,-0.04106060186778304,-0.04439772817560372,-0.8326229624158792,0.08298490521235968,-0.025980338510975587,-0.323010870458874,-0.03422062065332976,0.1405243843628461,-0.025980338510975587,-0.15613397877034874,-0.0015807828666094537,0.06433723585438744,-0.6247407957597124,-0.0350778245016522,-0.7713048923263889,0.08298490521235946,-0.39901303684303724,-0.5411779903842129,-0.6955627288869012,-0.20019949619087574,-0.1821786322033817,-0.48684244933482745,-0.9631304970227504,0.11004380130830049,0.3343113215896021
2024-01-24,0.030297759607754493,0.020466326953507474,0.056664324187083226,0.0186609269630158,-0.4027097930133947,0.10748708962614639,-0.01595430647684326,-0.32082959020418456,-0.0330331405082569,0.1571664872493692,-0.01595430647684326,-0.15601227803234707,-0.02682400741903601,-0.09210454709036386,-0.5798190049187377,0.07601156561322009,-0.27330065810414617,0.10748708962614617,-0.04582422538420927,-0.3759346162923093,-0.43726519383358653,-0.15140842070442273,0.25340589473898945,-0.8771324551730229,-0.8801670146286155,0.11451666557920426,0.3466333547639182
2024-01-25,0.11470849432226915,0.0739530437792042,0.09156492622893975,0.1319519914678846,-0.2929138798466284,0.28199883158654293,0.000868046535142275,-0.31291415543966283,-0.019440517648369404,0.17384046131622544,0.000868046535142275,-0.12436497823359527,-0.045574094883367056,0.09557893689828223,-0.44455951395814464,0.1324096302930664,-0.19972267338035166,0.28199883158654293,-0.1154168304527281,-0.15930061025881692,-0.49120043733855556,-0.13190908963441506,-0.5021969477245158,-0.00981964970108018,-0.884773577577906,0.13613644923710422,0.32836480016432223
2024-01-26,0.11417176359028636,0.07071254934402482,0.11895051984893934,0.14905365249771152,-0.7777030378626747,-0.05890135913199801,0.016960256513084415,-0.2978169554505442,-0.003572871872579486,0.18701241618789033,0.016960256513084415,-0.097244319996321,-0.0589356694579678,0.10406527758626871,-0.6938918768258483,0.12899275175581204,-0.7427450531662163,-0.05890135913199801,-0.1013196235922853,-0.15687042027613818,-0.7892286587948383,-0.24091900787774478,-0.839990875069455,-0.3856567383477013,-0.7326732433630936,0.15662593515486956,0.26076770930713233
2024-01-29,0.14266703397633873,0.09340347965596552,0.12324552134996081,0.16668767381868332,-0.867068739095649,-0.05726474595837194,0.03501831807102218,-0.28104132998997167,0.008364579483617351,0.20748455965688173,0.03501831807102218,-0.07381948683515693,-0.06771303482029245,0.03341812356959317,-0.5498360193334437,0.15291877734360582,-0.8258947825514698,-0.05726474595837194,0.09541391562669932,-0.1503095721416582,-0.6927235170446338,-0.2946233041003925,-0.7599829542926047,-0.060412423760579204,-0.824860388919576,0.17613190842803572,0.22545028704296755
2024-01-30,0.11040833988966892,0.030731692154150503,0.07706860589018949,0.05606874384972471,-0.8114458395081635,-0.4973145922575877,0.044089499220597794,-0.2703665362668659,0.007335419014773192,0.22458162933827164,0.044089499220597794,-0.09204469281577587,-0.07721319151734474,-0.21341801003473115,-0.675858233977392,0.08683568728131186,-0.7559675655316073,-0.4973145922575877,-0.14639943392534316,-0.2959063262902105,-0.5252621920015741,-0.27041887968994727,-0.902216266553391,-0.6458500775951086,-0.5160496731932058,0.17376229321079273,0.26644524085644306
2024-01-31,0.02922228219794798,0.02802985048870088,0.01585565383072063,0.0261420770171501,-0.7259465009637348,-0.222816996046315,0.05341340882263612,-0.2608731778721931,-0.002936796068344072,0.251090669020422,0.05341340882263612,-0.11847901472301547,-0.08219635113166113,-0.13094366579698935,-0.1792209603842747,0.08398678104727786,-0.6056809059047146,-0.2228169960463151,-0.2794174249077256,-0.12572633231841235,-0.4684881372044656,-0.22545611866177695,0.3956323584434993,-0.22664916212182673,-0.9539103823886396,0.1656653964776369,0.3006595071255389
2024-02-01,0.1206231874757211,0.1566162371719737,0.15975828211016885,0.17897907936066382,-0.5681286057676466,0.4208059838606857,0.06096802376486221,-0.24578697535397764,0.016117499084686626,0.24602031174108885,0.06096802376486221,-0.09619808242003747,-0.08372388793856811,0.18783167197039563,-0.3320276182043651,0.2195722830840534,-0.38793714641578525,0.42080598386068546,-0.22506937697900797,-0.13643348136548872,-0.0966560009039279,-0.029398778281480964,0.07561414035851777,-0.8482214823570564,-0.5298763998776482,0.18243760964973665,0.375441386901622
2024-02-02,0.1389038253260506,0.10420967675498338,0.14740886260282715,0.16187907162366666,-0.8831492930048273,-0.17645277276944882,0.06922478286057898,-0.23251425782048873,0.030747385914873915,0.24648664669031017,0.06922478286057898,-0.08700033450829459,-0.08331492471238544,0.14590887560037413,-0.6580939042734391,0.1643131690562183,-0.7646112548967978,-0.17645277276944904,-0.27233212682413566,-0.16263326166782777,-0.7636839194295526,-0.14128473579114986,-0.5021968429047882,-0.43624957754925375,-0.8340734477974266,0.19296492219814754,0.31527086341945654
2024-02-05,0.14428004296297958,0.14040765733053218,0.14526037447837403,0.18966679085789084,-0.7413680157782747,-0.022560509859417488,0.07843634939805866,-0.21895244503293654,0.048733070145477564,0.24539324180966338,0.07843634939805866,-0.07468737923476243,-0.07669868543536895,0.16400563228722453,-0.3499717479996066,0.20248145028448072,-0.5322733015692134,-0.02256050985941771,-0.25847210702783274,-0.0007829595209027929,-0.5621564900591303,-0.1531123557612818,-0.3688548521574754,-0.3350584554062451,-0.640496714420601,0.20533466189996208,0.30145154918774275
2024-02-06,0.24697157296362215,0.257108189874548,0.26553742984655515,0.3270062395395388,-0.32832624719853465,0.3509812731313735,0.0908214120167452,-0.2016059268314342,0.09352637568633781,0.2239353276412881,0.0908214120167452,-0.027198613125732685,-0.06261438324478552,0.2744174582679595,-0.4045830653633512,0.3255341365063398,-0.04561540222444571,0.3509812731313733,0.08955545970323864,0.0849202259239683,-0.43726567729583965,-0.11059976991593867,-0.7333158978785741,-0.5735754355379359,-0.3362961382072611,0.23690987531975072,0.2918522083525046
2024-02-07,0.3545025371022028,0.2954682770949406,0.32728704875697034,0.31471566064397294,0.17232378502847712,-0.15883371936161605,0.0986287988542276,-0.18544213478905325,0.12202446669220968,0.21015546650928574,0.0986287988542276,0.0024058075848927274,-0.045309525270932016,0.5609657418262755,-0.608505605097513,0.36598221050629154,0.4746603614502869,-0.15883371936161605,0.11665744709499526,-0.0013983501396895859,-0.7097554691048534,-0.18887553080186725,-0.5821980498266239,-0.5157534480317876,-0.6543233597453026,0.2607624304551559,0.2508545284110817
2024-02-08,0.5512837073157677,0.7109432498386112,0.5828748207440273,0.6503155055171601,1.0,1.0010574104873977,0.12910000879699202,-0.1620506259823774,0.2547307857737533,0.13554233009617045,0.12910000879699202,0.12205953669277436,-0.018391252553132675,0.6751799912943421,0.545650314141936,0.8040719975839938,1.099124864048127,1.0010574104873977,0.3546663908329777,0.22601065763822303,1.2828149550468764,0.5850957680922084,1.3556870072666238,-0.7542594129026815,-0.1565425121183216,0.3333896984714011,0.585893666201821
2024-02-09,0.6717185221366944,0.6099113828168727,0.6011318879663758,0.6230617998669108,-0.3265688096128321,-0.20344186278460308,0.16271667249761657,-0.1376866541224706,0.34712668672592684,0.10560255509120209,0.16271667249761657,0.20201221765859034,0.014298145640818216,0.623925122952725,-0.3683572636796546,0.6975408416413631,-0.3762842712556983,-0.20344186278460308,0.3428607034125837,0.17758349906778692,-0.5053888964584718,0.5004002777856895,-0.6533146956643019,-0.031506832607433255,-0.5944031152553679,0.38962636550067087,0.5485721244683386
2024-02-12,0.6233290330050596,0.5693898074670463,0.614555053824215,0.6294740961066809,-0.6014759839563523,-0.09773440050761784,0.19591204970614595,-0.11037904960021494,0.42501180663302884,0.08898691617762244,0.19591204970614595,0.26005179653758215,0.05076869834193398,0.8435441182525603,-0.7578615478425721,0.6548136270516871,-0.6795369424854285,-0.09773440050761795,0.31031039573413954,0.16413550387849307,-0.7892308763534869,0.3070815070242561,-0.6266476778240977,-0.21219643268751087,-0.9539103826895466,0.4368990719554875,0.44426219925323585
2024-02-13,0.5195622517062579,0.5056371476758519,0.5162934305040283,0.5482461660934927,-0.6638210823091499,-0.3736991128923931,0.22424887175067942,-0.08339997673415245,0.47430114556022596,0.09147930037624974,0.22424887175067942,0.27396156627618407,0.0907495269603964,0.655873959682099,-0.48201949813546274,0.5875908314904423,-0.752402066712198,-0.3736991128923933,0.004235748942589712,0.20615554130519165,-0.38901455618661684,0.30861978180312666,-0.3244051976126153,-0.2844710850990344,-0.7649401544612793,0.4626087372548544,0.46615803296309544
2024-02-14,0.601822957292939,0.554262188975716,0.5973728088805375,0.6022199771332242,-0.7466842644750249,0.05447260120667363,0.25415840981344484,-0.05607921996850607,0.5279212001498845,0.0925631497032946,0.25415840981344484,0.29371094957271593,0.13577524963968313,0.6504488893230032,-0.7393973616177874,0.6388625936594827,-0.8327030584893007,0.05447260120667363,0.09323667677942904,0.29960906316190394,-0.7778769284385885,0.14566849786617886,-0.4221889446610123,-0.2700183772151994,-1.0046104799508506,0.4907610863321985,0.3652212643477135
2024-02-15,0.6061240576647402,0.5531811710828807,0.6263679393498329,0.630008523013863,-0.8163227288084881,-0.03002850597850537,0.2950769165610385,-0.029034436705595912,0.5676474204348896,0.12665865151569178,0.2950769165610385,0.3099525135831045,0.1801412596974732,0.594812366719178,-0.9636653819593312,0.6377227346317005,-0.8870050314179994,-0.03002850597850537,-0.3154398895072824,0.15070371095122437,-0.9368298825383455,-0.06270952583734923,-0.9022230635709949,-0.6024864172742381,-0.8018100935768464,0.5167922264660627,0.24797632489802401
2024-02-16,0.6044501394202044,0.5916465342298978,0.6273170830111849,0.611260182325712,-0.8699685111120582,-0.17697189503980715,0.3267534468155493,-0.0007948829184813988,0.6066821819108743,0.14502253378500352,0.3267534468155493,0.30929541671048066,0.22343077215283746,0.5460776227799926,-0.6860409965931953,0.6782818148565875,-0.9419356535262743,-0.17697189503980726,-0.3048455992542095,0.1505308349126837,-0.7397651701138885,-0.16004898750537688,0.042527667872924946,-0.6377644881178721,-0.9491618300817276,0.5337171726021102,0.20032721077940963
2024-02-20,0.5731925666220401,0.4919995893396447,0.40395488997586626,0.509485129025721,-0.3286337987760326,-0.43942969227651085,0.352716250511695,0.027149660154249577,0.6249135821235545,0.17342003742072598,0.352716250511695,0.2704905838281817,0.26113641417745126,0.3535531945334336,0.24856926111701738,0.5732109640622913,-0.43806671491447324,-0.43942969227651096,-0.44099658086322846,0.012905352158411487,0.10808555797317698,0.11378549984000341,-0.9643573871936298,1.0864802096751105,-0.45944310724301896,0.5300538483939887,0.37083633819638573
2024-02-21,0.49828152307903895,0.4546316854268708,0.45939165196757625,0.4639534444973539,-0.8867081041158749,-0.26441763167558885,0.3823524030735834,0.05372484531118382,0.6221796472033445,0.22866791103694295,0.3823524030735834,0.21911824796061086,0.2880429272883551,0.4641856387971499,-0.43135992236217924,0.5338090791290511,-0.9510841532627339,-0.26441763167558896,-0.39761582692721176,-0.1814670830396643,-0.5719025465780676,0.06383105428488656,-0.34062867247920237,-0.275528948709614,-0.7089199340035519,0.5173081385166192,0.3549178860743001
2024-02-22,0.4724131933116795,0.4140146448507507,0.4884557014534858,0.46609611200457124,-0.97317403333244,-0.1109969677068019,0.40918041344944633,0.08018189405008957,0.6187279628583364,0.2796280821638375,0.40918041344944633,0.17279164059066643,0.3066550865593969,0.5213468510428783,-0.9559582273137233,0.49098120302326964,-0.9812030054858178,-0.11099696770680201,-0.4621349604497571,-0.16644783508822691,-0.9389267126315409,-0.13452116762280864,-0.581214606402781,-0.637764476210503,-0.949158303328405,0.5040644078348644,0.2460327780052023
2024-02-23,0.47780259037038864,0.49903977969753455,0.5159053775468738,0.5593017352453153,-0.7555153883431801,0.18425715698708567,0.4375927390694643,0.10674949684723312,0.6260724484612012,0.32293043751690265,0.4375927390694643,0.15827331127436128,0.3106109115738822,0.47213439549927716,-0.5220043260886018,0.5806343606498332,-0.5437798593784682,0.18425715698708545,-0.37896012661425693,-0.4078142245277865,-0.6344950350557834,-0.17781179086817678,-0.6168572042844434,-0.8406154793521855,-0.3115997625771231,0.5043087335426997,0.20196384066618744
2024-02-26,0.5775039714009877,0.5207020952617527,0.5433546837620717,0.5100203825793179,-0.904414287791828,-0.27506444935456864,0.45746138766264566,0.1297266490029776,0.6324803760458391,0.3519781621836544,0.45746138766264566,0.12608245212005875,0.302316695648265,0.4107329519974068,-0.5819558306285886,0.6034757827226693,-0.6930222706194946,-0.27506444935456875,-0.41781044479797125,-0.4294423824527517,-0.6686386573379288,-0.2297551424453378,-0.5633898988440453,-0.7826620008170496,-0.4270997455297084,0.49451808933322283,0.18452471598950493
2024-02-27,0.576964382828262,0.5044549889423209,0.49329941982077874,0.4805587043550805,-0.7462009691389566,-0.21271291798761993,0.47488299057119665,0.1516770622324568,0.6342039441675791,0.38122565428949584,0.47488299057119665,0.08636013841341472,0.28334342335191853,0.3312022634476224,-0.32824335741700394,0.5863443264014725,-0.4231817650775336,-0.21271291798761993,-0.32717253887299313,-0.46381716983858134,-0.4893931096928733,-0.19904603187753622,-0.8217869569070378,-0.5073595114059822,-0.17762301089698174,0.47912678072023285,0.2076006842014828
2024-02-28,0.4346881039871229,0.42051361648844354,0.47230936442536553,0.48966545458396116,-0.8382028267504847,-0.08849740875120937,0.4918564593411352,0.17149912942948675,0.6350385466624557,0.4105398954776507,0.4918564593411352,0.052763809699631015,0.2591808048808131,0.18692031581962731,-0.7793872487882385,0.4978339216892804,-0.5441887737299758,-0.08849740875120948,-0.2566361944569783,-0.37776833503912044,-0.8194310716045246,-0.31186410855783964,-0.7505085105765992,-0.8333747513179257,-0.5425997014135948,0.46480530871206294,0.14423806010880003
2024-02-29,0.5467853530849376,0.5401985453440137,0.5498133382009627,0.6150102637865495,-0.43680408217602407,0.2867247447380077,0.5212305432499109,0.19206437969025392,0.6310428844577236,0.4665462223269614,0.5212305432499109,0.05923185028296252,0.23356739404305027,0.3503621750606314,-0.48028553181944067,0.6240334485885706,0.0376480737724505,0.28672474473800746,-0.0969654904432482,-0.30825282402483756,-0.5434505523576714,-0.2930450295615822,-0.8663418983750063,-0.36970816733361545,-0.42248225906798553,0.4690232566311594,0.1287952042343139
2024-03-01,0.4966645014073079,0.41888862368452795,0.3420587841804583,0.4012808332344562,0.23075858475308664,-0.7926171938013336,0.54094523058215,0.20874052987566216,0.594472778124586,0.5369986019936999,0.54094523058215,-0.004737334507782687,0.19919213249504875,-0.46449902900566986,0.18971465281912603,0.49612047852622054,0.7288878390891784,-0.7926171938013337,-0.4913661441659235,-0.5405480871983214,0.4551984160371303,0.14516861161800598,-0.901984521778245,0.4561882809226232,-0.18224043686964309,0.43807313229880696,0.41554528605026575
2024-03-04,0.3851067173426068,0.3127431257804707,0.367355550696169,0.3220033754370393,-0.5976096212678067,-0.37806427250125796,0.5484615941445057,0.2227838021818922,0.5801610590211124,0.5642170107614028,0.5484615941445057,-0.08281561822098316,0.15635973906577716,-0.5205861270558358,-0.7903335452584632,0.38419735047601566,-0.4258119825929437,-0.37806427250125807,-0.5317303174331872,-0.5996765686280076,-0.8137408248474648,-0.011140766428265114,-0.8039690350379171,-0.9565279788686999,-0.4548221398639969,0.3970856194484964,0.34886002096240043
2024-03-05,0.29402735168984173,0.2824150215395389,0.2828541561953717,0.32414521629784154,-0.8151364584381389,-0.11081504791358487,0.5569891756162697,0.233673290524117,0.5600667160336437,0.5988377670930636,0.5569891756162697,-0.1466250952916821,0.11079595411210286,-0.5290903180960406,-0.35170484938895774,0.3522184501787473,-0.6577925861941192,-0.11081504791358499,-0.49217116434057273,-0.5027124291718211,-0.543451582458978,-0.032418568240869305,-0.26934351766323994,-0.1741035220173891,-0.7643612076600639,0.3598388477520411,0.3363870512326339
2024-03-06,0.35546584988566865,0.2959548057049104,0.3345242486130482,0.2903994430287917,-0.9268216170095354,-0.2302683190113024,0.5622829841305419,0.24789872241770872,0.545217836057809,0.6226326162742162,0.5622829841305419,-0.2092976686076361,0.06399778355559071,-0.47837135523053087,-0.6612335595215291,0.36649522146755675,-0.8089749179734632,-0.2302683190113025,-0.5471410316815992,-0.49254827776219523,-0.7454566348673202,-0.1362013232610001,-0.5901201388798867,-0.9420409865523706,-0.4363416890987306,0.3205420652862776,0.2863088968788525
2024-03-07,0.2897167316795388,0.3349469215071199,0.3399065295509971,0.3959245777896203,-0.6422485359446513,0.2355209567172536,0.5659048532857265,0.2618674517926971,0.5409378617282663,0.6332110141048208,0.5659048532857265,-0.22857140316199154,0.020154743532529995,-0.378480920248799,-0.3890357117612848,0.40760972614323987,-0.45842481594835827,0.2355209567172536,-0.5664304641467132,-0.39010246039090646,-0.5633689114847553,-0.149218948763698,-0.5990325125375698,-1.0,-0.1083222520451913,0.3007290043527737,0.2540434414011854
2024-03-08,0.36678266179109476,0.36148331778397114,0.38619296790779023,0.35949923016692664,-0.9216371761317129,-0.2375803698845067,0.5682583666354784,0.2753346883632872,0.5369819119554389,0.641224180104033,0.5682583666354784,-0.25622155462841956,-0.025122755923368212,-0.4711326361248016,-0.5582380154924946,0.4355905311432744,-0.8168252872785619,-0.2375803698845067,-0.3447758968238418,-0.5151694451978974,-0.6743258634589558,-0.20737737913022347,0.3009314597806316,-0.702964235614624,-0.9353024012957988,0.27638328622309616,0.23013416193401537
2024-03-11,0.371633701215653,0.464921580765719,0.4217163395414991,0.509485129025721,-0.5676013744919357,0.3779940284048806,0.5608573002476538,0.2917280246597129,0.5197943868798116,0.6447567490113797,0.5608573002476538,-0.23417906902998376,-0.0644760559752876,-0.2017958938360559,-0.03671917260145752,0.544659066140974,-0.3832418736597796,0.3779940284048804,-0.040423262449489905,-0.3211381084356849,-0.24755348500184915,-0.07748088392148011,-0.3495410111504035,-1.0,0.16888050347979755,0.2764451371394421,0.2671711076965133
2024-03-12,0.5618747446350834,0.5012056211583422,0.5406631367436334,0.49930704504323153,-0.7901808447211628,-0.15068877197251074,0.5543536099282949,0.3083573085435176,0.5056998198432046,0.6468825401455296,0.5543536099282949,-0.22151850146233398,-0.09810729268335949,-0.08343697326400923,-0.7047964956351878,0.582918091528118,-0.6693988027017731,-0.15068877197251074,-0.056915402197418086,-0.30209477473271984,-0.7568375296520977,-0.18006346857771105,-0.6257627886186286,-0.8913282420501762,-0.46868159084565286,0.2733884968781417,0.213806146944711
2024-03-13,0.46379032325660496,0.45463183095658555,0.5072935860998453,0.46127552343653977,-0.9212856886145724,-0.2405159926903716,0.5455142612474035,0.3225663865270516,0.48747310712357983,0.6488702742714814,0.5455142612474035,-0.22471127315311357,-0.1284173856335512,-0.07276306091427898,-0.790913779695128,0.5338092325801274,-0.8346309008048278,-0.2405159926903716,-0.06117301693592181,-0.34860627451570814,-0.82512040414575,-0.2978161518985063,0.22963955583559081,-0.9565279772495004,-0.9815016753108281,0.26344509768816615,0.15784528165659117
2024-03-14,0.4907365237329633,0.4069744960587107,0.3937287792162727,0.39003224214477283,-0.5942704898549719,-0.3491448442226017,0.5371996363504519,0.3358777070129333,0.48073833197561266,0.6406449670848287,0.5371996363504519,-0.25025490295419295,-0.16222428519739218,-0.17107199439684262,-0.2910245749486099,0.48355785026405784,-0.37798769426969026,-0.3491448442226017,-0.2977109217515419,-0.5375183230751206,-0.47516861219908424,-0.2520227519042175,-1.0,-0.39144697481792523,-0.13604111880286418,0.2425675573424586,0.19845996532355414
2024-03-15,0.32959726733847594,0.3214079153791263,0.3140716550203646,0.28772069532156275,0.5137499719908385,-0.45433940290670083,0.5206717385942978,0.34208677541181176,0.4712451970487941,0.620518102774372,0.5206717385942978,-0.302342086543116,-0.19473324998035546,-0.4305211789057355,-0.2997260921836945,0.39333377524134105,1.0297515694191537,-0.45433940290670094,-0.38485127435902966,-0.43441425168478975,-0.5036196401161955,-0.2243549737689512,0.2563697788486299,-0.7029697442524732,-0.634998268133316,0.2075775603193195,0.2371831051622113
2024-03-18,0.2902552291262448,0.25154647150658094,0.3210682713885118,0.2743290234014548,-0.7498037161896469,-0.16282642972935657,0.5019796946262147,0.3487155873928398,0.45257093201146437,0.6054538185855807,0.5019796946262147,-0.3479479005016516,-0.22369507256061327,-0.3937774311594512,-0.893918331821642,0.31966968695955056,-0.6039487433003392,-0.16282642972935657,-0.5923718409896286,-0.3690971404881501,-0.9076299351921867,-0.37106029999651546,-0.2426132104112675,-0.9782667534430494,-0.8567597480654421,0.1738841019564541,0.1572673729499363
2024-03-19,0.28109383751428885,0.24071571869362174,0.2920044732828684,0.32307470919064785,-0.7869735211272556,0.04582763422796288,0.4868346678797377,0.35630655610963435,0.42880351964808705,0.6016236626005114,0.4868346678797377,-0.3693091594369825,-0.2480200483868299,-0.2819521805414963,-0.7485641480080715,0.3082494029352518,-0.6564991679838967,0.04582763422796288,-0.5170172249320877,-0.3217005328334115,-0.8108938035152995,-0.4573363624403588,-0.9376271269391224,-0.47113368772445496,-0.6627206459519399,0.15086494879393442,0.09831726942791752
2024-03-20,0.31774018743775323,0.26887590319467725,0.3242974204676168,0.3407508894787754,-0.921022072976717,-0.05910072395880439,0.47796716826851604,0.3624398517307097,0.4200453158260882,0.5943793607644781,0.47796716826851604,-0.3807556287982363,-0.2667493218660827,-0.2687120806003972,-0.7868224482733815,0.337942380951878,-0.8348994754136092,-0.0591007239588045,-0.4463256054567404,-0.2691000310786562,-0.8336577267452936,-0.5417261280959522,-0.7683332457946159,-0.41318028530847783,-0.8244199169575583,0.1325046308463078,0.04751748153758162
2024-03-21,0.3754059367728326,0.35065210540377856,0.3808110549826884,0.3343233002803312,-0.9130257319617705,-0.13927462445192973,0.47115470829279604,0.3665753073511253,0.41578364440657434,0.5864217253858937,0.47115470829279604,-0.3915369702282877,-0.28455092565218376,-0.49372761304959834,-0.6013422431725309,0.42416976253693206,-0.8001517167637482,-0.13927462445192973,-0.36319501331779924,-0.3824057839002559,-0.7027790398379208,-0.5595710107484138,-0.019851985027693586,-0.9710204953503541,-0.6442402460474006,0.11460377449683712,0.038786721935671675
2024-03-22,0.36839997049998274,0.2840403846153148,0.36251162597005226,0.33057363214270086,-1.026204712481014,-0.13040382200226963,0.4640325880834444,0.37297083471831893,0.4105649929959394,0.5788425519484894,0.4640325880834444,-0.4008707169096105,-0.300351730210325,-0.20718556699605284,-0.9723866454364448,0.3539322837680208,-0.9480127177727065,-0.13040382200226974,-0.23256611964303897,-0.3498245956802598,-0.955996905493964,-0.6820146793523805,-1.0,-0.7754157502869561,-0.6719591115776009,0.09757512075607577,-0.02906804791964246
2024-03-25,0.3258249800844095,0.2992043572315566,0.33613876285132993,0.30486244870250845,-0.8774815567909365,-0.20342270998706724,0.45066102650497686,0.3808761359537365,0.3896650770157537,0.575379094995204,0.45066102650497686,-0.41555438411243895,-0.32016432960663554,-0.10513149343423867,-0.6444797104971732,0.3699216500849183,-0.7079985631572026,-0.20342270998706724,-0.24896671835963002,-0.5216581335830457,-0.7369193799950343,-0.6955778466542007,-0.04658219146620757,-0.7681639500512687,-0.8151814433335017,0.07802929265389325,-0.03201365561798497
2024-03-26,0.33498653512414167,0.30407808052950114,0.3743528225954078,0.3675346466421989,-1.0000628283936888,0.09141022130719012,0.4431729659227288,0.389967791903832,0.3752999656438001,0.5760202389802251,0.4431729659227288,-0.4077392307978771,-0.3405062196148574,0.015125085997307997,-0.9065935620893762,0.3750606561429064,-0.8676254297794201,0.0914102213071899,-0.23080736699751858,-0.45032002178659036,-0.802361508596013,-0.7349802254274846,-0.6346751196894799,-0.8551079992359839,-0.7412597796134393,0.06980622572131501,-0.06519226795209632
2024-03-27,0.3915735556809945,0.3511933988549152,0.41633357727497877,0.4323490987658991,-0.9424628115222881,0.09604785459624643,0.4406394039144066,0.40037732500251266,0.3691830438153363,0.577455687564552,0.4406394039144066,-0.38174298776874815,-0.35765963684134694,0.19473262249316914,-0.874326969471912,0.4247405192570999,-0.7791845479860247,0.09604785459624621,-0.16847747662322843,-0.34928301544601714,-0.8877140201653813,-0.805188217544698,-0.9376271342290053,-0.6594977530640189,-0.6673416714195932,0.0717685222997364,-0.11489506136934835
2024-03-28,0.46756266605932706,0.4064328722572761,0.46800342087171387,0.4559188546684967,-0.9740966880649338,-0.04105283799918913,0.4388659170250009,0.41077510849272203,0.36415462913667596,0.579184497922588,0.4388659170250009,-0.35417569871650456,-0.3690114632706958,0.05604632266667253,-0.8570268814931157,0.48298674521221874,-0.7876571161794051,-0.04105283799918913,-0.1284948937301983,-0.2544480491854215,-0.8706438012514982,-0.8588234110061594,-0.6257627701771911,-0.500113205162837,-0.9029625480028783,0.07628681149956096,-0.14805898635260206
2024-04-01,0.4955872329733313,0.6696312421704615,0.5368959604899874,0.687860132385522,-0.12349689658490337,0.6354826252670882,0.4426944001071149,0.43134459715031626,0.3884669993618881,0.5624021909645409,0.4426944001071149,-0.26316136353227637,-0.3647315425509513,0.4613918447811465,0.6026002954634864,0.7605113264716616,0.7868684339989196,0.6354826252670884,0.1848372405952734,0.08895844424026622,0.31578230649638295,-0.4040724103279125,0.051433281202719394,-0.8840819765727019,0.6447362613598957,0.11449437405565766,0.056093010375921626
2024-04-02,0.6308572878916072,0.5531952047512332,0.5498126889409458,0.618223851724168,-0.6675117012391253,-0.3349592293919582,0.45409541828386524,0.4463381342875492,0.42343290631542296,0.5487279559092155,0.45409541828386524,-0.21397558307754672,-0.3500970270761611,0.12456033770004082,-0.39828785901047836,0.637737532169901,-0.18929672956572885,-0.3349592293919582,0.12847417260211835,0.03227849011549311,-0.2560884309279412,-0.2515557083919172,-0.9108968753905589,0.5938395140197534,-0.9029625558347415,0.1360951200710101,0.15020513906439859
2024-04-03,0.6044507635731429,0.6203497936399724,0.6192442794715036,0.680361209433469,-0.8408389831290386,0.07808752790713558,0.4729282169035993,0.462688832515177,0.4698041171387797,0.5371829637114482,0.4729282169035993,-0.15857795903757743,-0.32707772672694324,0.2333494203340818,-0.41360957713735813,0.70854742801821,-0.4811323391749762,0.07808752790713536,0.12290067387944381,0.04267572166710232,-0.546295047928143,-0.24197947640157536,-0.6346682987119061,-0.5290926771576157,-0.3531815560521103,0.1630779257522854,0.14270222263688437
2024-04-04,0.7849906520453369,0.8126025600032762,0.6924417960240752,0.6642907898061321,-0.36171756132688293,-0.1680941603887235,0.4908039056135034,0.48148286995525313,0.5051196094582058,0.5346606143542523,0.4908039056135034,-0.12241423366341797,-0.29885770920712107,0.27908840063592266,0.40593042104288757,0.9112647491723807,0.1983641002232568,-0.1680941603887235,0.012508099885056856,0.007277558566863629,0.07679042349511733,0.029557678299677814,0.8088199446529067,-0.7029642369568434,0.02103707073549499,0.18287062389116637,0.28909629452593233
2024-04-05,0.6481034501630412,0.6837118969853404,0.6892130745158882,0.7360697379747034,-0.7898293572040223,0.10667018598390499,0.5142252407128707,0.5006753268610689,0.5496014342024151,0.5330913388587504,0.5142252407128707,-0.07536915832719115,-0.2643210017375476,0.5238641440282745,-0.4729012884239059,0.7753584086653964,-0.5060143026386119,0.10667018598390499,0.07380679197666784,0.08702431127989718,-0.5832833838421204,-0.01397450514253562,-0.5188349278217861,-0.8840875043495121,-0.24692007730183774,0.20946417236190684,0.25035607992089015
2024-04-08,0.7752905594818833,0.7107900334412602,0.7032071053502982,0.6573275337308833,-0.9073579957478798,-0.3612814481609725,0.5279627643856308,0.5163807622048862,0.5742896539132956,0.5335305825537406,0.5279627643856308,-0.0655049120023945,-0.22768719442574614,0.5829617853038327,-0.3999514305124888,0.803910441429482,-0.7049714342988147,-0.36128144816097274,-0.3280110138754012,0.011164624164776038,-0.5150004575925866,-0.02285459897484976,-0.7059535386816824,-0.9420465145492987,-0.002060697495626984,0.21944306763245702,0.26300991944918684
2024-04-09,0.6572655061417962,0.6393039510294254,0.6875984438021043,0.6841104642478919,-1.0127163790107472,-0.0340325938105398,0.545022076115959,0.5299588780823914,0.600514602120205,0.5383749157211688,0.545022076115959,-0.053216261051602376,-0.18810705599868482,0.6418758096619828,-0.7879747251998409,0.7285332835323175,-0.8546732009349044,-0.03403259381053991,-0.20688250852225964,0.06632500010142572,-0.8080502265259538,-0.1543567493149366,-0.3851768333504402,-0.7391899769835782,-0.7736031530993751,0.23069230979694577,0.18798829876461642
2024-04-10,0.5888210981728228,0.5418225984732448,0.5751093260590672,0.563586243613335,-0.7844691725676295,-0.49379168871077395,0.5478652549151193,0.5401526391757088,0.6050423252739392,0.539030081820211,0.5478652549151193,-0.08337367493727832,-0.15267486494608173,0.31432629522731625,-0.6639583930075219,0.6257459009292958,-0.5268716824263242,-0.49379168871077406,-0.4356393177132547,-0.12291252947525488,-0.4097274270620346,-0.1000440344762491,-0.4030015760114539,-0.48562624441496716,-0.7920800589082255,0.22121843566255062,0.24278281707592808
2024-04-11,0.5737317815879202,0.5494050100280319,0.6084798736667483,0.5967980032984102,-1.0490953370347897,-0.012143319627661464,0.5529887025138198,0.5507294720628026,0.6136448228507059,0.539780638234298,0.5529887025138198,-0.10030816200191828,-0.12193222801914505,0.3320209919825974,-0.8553210824455182,0.6337410324811104,-0.9215177276457832,-0.012143319627661464,-0.3744030036020186,-0.1567521498954948,-0.8621086892485643,-0.24409258475115814,-0.4119138660468218,-0.7971489794737713,-0.8105604537767204,0.2165733515097341,0.1585746873748215
2024-04-12,0.5370839962400873,0.4535483548093304,0.43409514879869504,0.3996738326040432,-0.6720810389619519,-0.7422176818546213,0.5497513455258465,0.5591790566317343,0.6126918444287617,0.5349593015275518,0.5497513455258465,-0.1758114589421057,-0.10244854454396457,0.015489538077197551,-0.2556756236776192,0.5326667814921104,-0.38730874919698044,-0.7422176818546213,-0.7055322489930986,-0.3764146850128508,-0.12805682850088973,-0.05881643270865833,-1.0,-0.8043952618029377,0.17811884151170987,0.18209349432723476,0.3031662990276991
2024-04-15,0.402352706487731,0.389644892155105,0.3194540694682966,0.3064694493329214,-0.6428197031600046,-0.42385059522991386,0.5453598655585248,0.5660725803800453,0.615331755085825,0.5246054897697925,0.5453598655585248,-0.2651562164071085,-0.10266645303303146,-0.09767908846867734,0.16745751923178442,0.46528497468231866,-0.25146573221323476,-0.42385059522991386,-0.729408940855924,-0.6836261251629627,-0.17358154590969754,0.08252319793080365,0.17617906018032103,-0.5218464306195907,-0.17300190629067713,0.13714093170404063,0.4054938223935558
2024-04-16,0.268159559356125,0.2315091660249624,0.2828546588190972,0.3016480341184751,-0.8321396670798109,-0.1340480638898186,0.5460917897471098,0.5690891297302487,0.6144679887093984,0.5267421057158965,0.5460917897471098,-0.3378043547106434,-0.11619293454452306,-0.07281764492411469,-0.7469636282907752,0.29854172626895825,-0.530112078271025,-0.1340480638898185,-0.7667428681811319,-0.6256557337510558,-0.8108938140477506,-0.06423066868637473,-0.7326838086187286,-0.5218464528740739,-0.7366423215095607,0.09632105565746052,0.32412111292084966
2024-04-17,0.31288982449010105,0.24938032158062717,0.22257356053131883,0.20147915480248235,-0.5849121347111058,-0.4527642679837405,0.5422633066649949,0.570062934434274,0.6212608094782717,0.5133601908054621,0.5422633066649949,-0.4251560711607909,-0.1453126928805507,-0.26433443565991843,-0.13999042786009253,0.3173856308259819,-0.17731528314582334,-0.4527642679837406,-0.7511116839328316,-0.7770196073814832,-0.39834850112329634,-0.01712745799198989,-0.6524862594781269,-0.6377645029100667,-0.034404183441666736,0.04501018745541674,0.37655789085580715
2024-04-18,0.22666184390261446,0.14160993197933536,0.15260480497827134,0.1275579524499011,-0.6366686716100457,-0.3697705783338461,0.5319883039800573,0.5685356174655152,0.6386930069119872,0.47821981812499303,0.5319883039800573,-0.5151555437732631,-0.18821393465124658,-0.42489148755826844,-0.41551392889004124,0.2037491662227593,-0.2049860790693141,-0.3697705783338461,-0.8840102849726896,-0.8336015370656203,-0.5946642457145649,-0.059243081084206284,-1.0,-0.6957234877057782,-0.13604111965462962,-0.011431119962325376,0.37180530281873936
2024-04-19,0.1242657740073363,0.09286972250016312,0.10524163014943455,0.06809975577103655,-0.9094669208507228,-0.32340885283967,0.5176596542131555,0.5621688542782255,0.6612767206563537,0.43088957466477273,0.5176596542131555,-0.6018636227258539,-0.24572575153086806,-0.5087490864067328,-0.4046630307672132,0.15235596712860677,-0.6383202778052106,-0.32340885283967,-0.7249987125423183,-0.9510721326947711,-0.6003557187489649,-0.09814779026853127,-0.10895505250116999,-0.8623542525080448,-0.5010213899768929,-0.070059938869663,0.3649201304118346
2024-04-22,0.11348673941791243,0.14269291237671244,0.1590632650228665,0.20147915480248235,-0.6763867610469232,0.3483406419770838,0.5106782886554546,0.559384258055083,0.6665691857735421,0.4133670622670367,0.5106782886554546,-0.627136106028036,-0.307075742022369,-0.6681825197178699,-0.43766524977345433,0.2048910945766218,-0.2917733870090711,0.3483406419770838,-0.4301319694487846,-0.7568295332884886,-0.3926603592055341,-0.04411920150412141,-0.527747324349584,-0.9348002636158396,-0.2746390087418553,-0.10125557995401524,0.3610655922654866
2024-04-23,0.2228890733150679,0.22230239360079973,0.2494847715819517,0.27325768964784625,-0.880249520988418,0.12657739400465085,0.5076661608315194,0.5501120382689484,0.6677112771778095,0.4069137586550735,0.5076661608315194,-0.6224731202433951,-0.36925872485904465,-0.4931486837699073,-0.5479804947411249,0.28883381788559914,-0.6397139493699212,0.12657739400465062,-0.3279089642366365,-0.7119256826942923,-0.6828627237729177,-0.11989753771784906,-0.41190713629648523,-0.6812365164997668,-0.5934199992705016,-0.11765018100201596,0.29970527796903434
2024-04-24,0.25306974068022425,0.1860179908567854,0.18005441782946074,0.17898155929990822,-0.8693094720174197,-0.4347576856333494,0.5010507356467144,0.5391916716304175,0.6733136652411966,0.38974015006630736,0.5010507356467144,-0.6442409963407825,-0.4305252734431101,-0.668643044212568,-0.2880299897688874,0.25057441042383166,-0.6108475135832543,-0.4347576856333495,-0.32061195689185684,-0.6948327320184104,-0.503621934026629,-0.1098474239262085,-0.7059603421226844,-0.36971371162374633,-0.3531780670393181,-0.14626755617489906,0.32906626982836795
2024-04-25,0.12318766518817181,0.08907837710254873,0.169827765120514,0.15434088296690973,-1.0045442942372302,-0.20225232008283434,0.48984675226087937,0.5275076820815805,0.6795634159920274,0.363795236928101,0.48984675226087937,-0.6655718032741159,-0.4922720556484753,-0.6744784641572635,-0.9605534289245989,0.14835825413277814,-0.8328665029033911,-0.20225232008283434,-0.2529782441620966,-0.7485776543823854,-0.9503060249181073,-0.2898499852340545,-0.6257627849869993,-0.9492872494346608,-0.7643611937818995,-0.17489222669586812,0.23113899211678168
2024-04-26,0.12857696150431863,0.08258002244870166,0.12946116088626214,0.11577328116020613,-0.7975620825811134,-0.2505301392992283,0.4732097262069008,0.5168727516494933,0.6843376233561853,0.3296389594360549,0.4732097262069008,-0.6904964298532477,-0.5484938581541163,-0.8267767123114602,-0.6854416489542274,0.14150618603380338,-0.48276976936921934,-0.2505301392992284,-0.22335148985705344,-0.6052018002563947,-0.7824427916524436,-0.37493426123562257,-0.34953423898137104,-0.5435852359898002,-0.8752401630362031,-0.20556617045499692,0.19073380005801233
2024-04-29,0.18462533034792483,0.1773528805908271,0.19404756169358595,0.1746962242854737,-0.7236178961626789,0.08613258060635887,0.45843061811192354,0.5063595252068636,0.6814873826068839,0.3061738138918386,0.45843061811192354,-0.6886966935015149,-0.5947594582826614,-0.6689156043826644,-0.45515521189502384,0.24143764753688735,-0.34780254396118826,0.08613258060635887,-0.32644770362872066,-0.455016625791971,-0.46378648643011533,-0.3140497882100455,0.28310677691027153,-0.6160257191222622,-0.9029625534737464,-0.22300794091353604,0.21235349589197683
2024-04-30,0.1194153234001758,0.06200050737056961,-0.06752852472779025,-0.11081132778877623,-0.21193994308538378,-1.095585694891835,0.41645799369612413,0.488142041867508,0.6724845802450523,0.2404135230662494,0.41645799369612413,-0.7693399161132353,-0.6418984043925258,-0.8731434205970133,0.7531112974084844,0.11980650261074555,0.3172225148601646,-1.095585694891835,-0.8059058355087886,-0.7416884102502959,0.2816425154787785,0.05364153660930393,-0.5366596451718256,-0.9565279788917841,1.0004780624052887,-0.2817564988218162,0.5073255302592183
2024-05-01,-0.11501810595708917,-0.045228115419335246,-0.0804457015237342,-0.05295971841711722,-0.6099995562470096,0.09166980481239184,0.38118524725611946,0.47180822607903794,0.6563518839650817,0.19345802006404877,0.38118524725611946,-0.8106173463209152,-0.6840044088621348,-0.7221420148205393,0.05700101132194191,0.006741293853522512,-0.27593793245135145,0.09166980481239184,-0.607198032887072,-0.585349664498553,-0.344289955734131,0.10786681285712296,0.6127891043694715,-0.7826564738985015,-0.5102598596819337,-0.32365752147428317,0.5224877282383475
2024-05-02,0.05097136011831416,0.019758554962406194,0.0180487886267906,0.08309760167514257,-0.5984444041210154,0.36929496012594254,0.3497972205947004,0.4613229405305983,0.6125174201080887,0.18026066405477503,0.3497972205947004,-0.7971134378588955,-0.714804183349674,-0.5740249538624416,-0.270369967388266,0.07526526872117523,-0.2653643234803328,0.3692949601259423,-0.3878773914444621,-0.3675364589649265,-0.395506865607388,0.13322421136257168,-0.5812078374758052,0.12293225634548488,-0.7597437425012674,-0.33845333797375377,0.4967886559239769
2024-05-03,0.168996881500453,0.09395307829638067,0.16498439456859804,0.16023363193496465,-0.8400920721551149,0.15092418403443797,0.32330747753213385,0.45385417384029836,0.5636475168101007,0.18063962870693784,0.32330747753213385,-0.7585252907444177,-0.7319171783997367,-0.3259193376952907,-0.8863441296102937,0.1534982913147307,-0.6360846389466084,0.15092418403443797,-0.22841861599063773,-0.2222363467624009,-0.7283809901613563,0.01456977769450285,-0.8306992844422316,-0.42042644838488097,-0.9122009896617652,-0.33860683504627986,0.40585579460464993
2024-05-06,0.2126498898691549,0.1789775841540937,0.22526466522063004,0.22237016299785073,-0.5837258643407566,0.09541581137255561,0.29631099600222743,0.4478607148224434,0.4917843409712501,0.2024169599097263,0.29631099600222743,-0.7052252091832121,-0.7404472703658199,-0.16137490815382616,-0.6969623856681136,0.2431507857155739,-0.27197740738228393,0.09541581137255539,-0.2247180125730318,-0.29887568076112936,-0.6914003959318467,-0.07264070494213659,-0.278255824997671,-0.49286696464136137,-0.9445408445583436,-0.32831187536864725,0.33933676717753203
2024-05-07,0.21750008709976765,0.15948143150218286,0.18597468028799424,0.18808789620558164,-0.11760948067279986,-0.23426921950255164,0.27165101996832997,0.43873220413159486,0.42890885457475014,0.21962519379966272,0.27165101996832997,-0.6699404626758563,-0.7456323830124572,-0.19095359994161654,-0.5385027829885087,0.22259343346952276,0.2252205364695623,-0.23426921950255175,0.142956937423802,-0.40802769533973926,-0.6771737643409619,-0.14221273345945074,-0.5544775576705907,-0.32624171791618106,-0.7366423283724881,-0.32393574692055216,0.30811816840811845
2024-05-08,0.2191166158929838,0.13998504342823614,0.07456240954951787,0.10880961176175008,0.4464401124584312,-0.3887146847791273,0.24141720317184667,0.4288660396045241,0.34569897377966075,0.2466605307560774,0.24141720317184667,-0.6626752804417437,-0.7476460588309338,-0.17011909279005588,0.19637493517144122,0.20203583298712502,0.6167398798588357,-0.3887146847791273,-0.05839377212206409,-0.39394038820366406,-0.19065401609308497,0.0030337198025909284,-0.9019845223425613,0.101193499267896,-0.03902162597408243,-0.33173442412639165,0.41321027880288597
2024-05-09,0.1280379141196588,0.13348597055389333,0.15206600423523553,0.18594481537515706,-0.5245441536422235,0.14957343815364288,0.2215709927816214,0.4216211964645622,0.2851350369788599,0.2701703535479396,0.2215709927816214,-0.6305073310893368,-0.7438157782873864,-0.0053051124861804855,-0.45788651129709057,0.19518300757402862,-0.5333670095711278,0.14957343815364288,-0.14666911444800845,-0.2874295894101794,-0.6344961788180354,-0.05859803830993948,-0.4208263063391974,-0.6450052403031696,-0.533361308459378,-0.32577042364556097,0.356791709269777
2024-05-10,0.21103299504112272,0.14215171357477407,0.15637245043113523,0.14309229187722639,-0.7332398669444005,-0.26436606818155384,0.19772737200590385,0.4130986240596284,0.1964791249297353,0.3138279477036934,0.19772737200590385,-0.615202437348834,-0.7355910112634914,0.01385025582347632,-0.43840346843671285,0.20432043765752472,-0.7628574721389292,-0.26436606818155384,-0.31350369006675216,-0.29171316290274996,-0.6117344174460375,-0.10239596379985161,-0.7326838057675378,-0.5363389642342695,-0.4040018618430772,-0.32652410030958434,0.34262973441715605
2024-05-13,0.23582412565327715,0.17843623874871262,0.22365038556782268,0.2287981655195026,-0.6525734817606537,0.1773246064625451,0.1887473338375525,0.4036012915326783,0.16407665789697545,0.3293129145614899,0.1887473338375525,-0.5747045926137251,-0.7231390421065701,-0.037590415336568817,-0.6915039988548821,0.24257997421322797,-0.6825883099129394,0.1773246064625449,-0.2812561117277129,-0.2640302982654662,-0.6031988352877268,-0.1367480996667496,-0.5455719792636559,-0.28277518642444044,-0.9306778839693758,-0.31308931697439213,0.30109272774857754
2024-05-14,0.21642214072263855,0.16489667544178377,0.23818167047218441,0.2314760865803167,-0.9937799890248022,-0.10887167500061445,0.18480620359132338,0.3994256270445258,0.15189566972504864,0.3341309081370598,0.18480620359132338,-0.5398460995814552,-0.6980702004684041,-0.11967646415387834,-0.9125351189076295,0.22830343580445844,-1.0053022631204722,-0.10887167500061457,-0.23073711981662426,0.0581841008724584,-0.9247001350343954,-0.30234606742410075,-0.6614054086201138,-0.6160257292291313,-0.8983415712254132,-0.30029583369527413,0.20592484515237097
2024-05-15,0.2643867686792609,0.18114374006679612,0.23764383721986793,0.2089784910777428,-0.9243172684499092,-0.19415059064461404,0.17993613608699044,0.39664623480022065,0.13724276056988494,0.33969741644631246,0.17993613608699044,-0.5173580847012575,-0.666035916932705,-0.030055607765048453,-0.7848595178783715,0.2454348481617572,-0.9044511651475763,-0.19415059064461426,-0.15110076253928784,-0.0341114083373405,-0.8365012861286094,-0.4086025372170743,-0.9732697420611303,-0.7391899945984048,-0.5148808735259311,-0.2920280778099985,0.15021320718575093
2024-05-16,0.19217050285525783,0.15839857913408006,0.227417734589769,0.18165989368392998,-0.9068747004118116,-0.21087835742783345,0.17889457338616999,0.3931423816191679,0.1353388735248251,0.3396951993909225,0.17889457338616999,-0.5062650507164301,-0.6342649861591483,-0.033611562464583855,-0.8756784257195863,0.22145164011372587,-0.8609826203804087,-0.21087835742783345,-0.29582744472209554,-0.21568169547182903,-0.9019384197614957,-0.5283370012357981,-0.15350326699931405,-0.9710204949250912,-0.8983415637131089,-0.28847935638601563,0.08726868256993492
2024-05-17,0.1781556031764302,0.1270733769237935,0.21014473150149549,0.17790071911252925,-0.9501955368993792,-0.13080191688160736,0.1815402395236847,0.39037592817380906,0.1380408108895108,0.34177038427331907,0.1815402395236847,-0.49715616425988673,-0.6057142332893464,0.014020018117160804,-0.9858223400083443,0.18842136857692005,-0.9068896555383508,-0.13080191688160747,-0.2420368863501019,-0.30208373507085406,-0.9752005151042898,-0.6630582407542844,-0.43718844783977007,-0.7893604584077772,-0.9860630444423394,-0.2853810612035488,0.010379046369793254
2024-05-20,0.19220389363177715,0.1629082726168396,0.23712521589994973,0.22462360112465407,-0.9020417470511296,0.041943551332721984,0.18976604562887678,0.38616346992902995,0.14454166869317886,0.3500649017294013,0.18976604562887678,-0.4745564256647955,-0.5805170436993129,-0.0014843738376547622,-0.917635585231129,0.22620680176546437,-0.8203373800726862,0.04194355133272176,-0.295630161281891,-0.318276958188482,-0.869660376493345,-0.7352286258564433,-0.5801337034394113,-0.9273670144829421,-0.7498304562594154,-0.2748169617778762,-0.03986231297043952
2024-05-21,0.19220368914930153,0.15530668713342988,0.20744619279616883,0.16715927559833887,-0.8046797048032087,-0.3128438982300973,0.18796243116202604,0.3814336426787892,0.14181593733002495,0.34950721889071446,0.18796243116202604,-0.47291007549882624,-0.5589943567324354,0.41180739305922565,-0.7400098463914793,0.2181914526244837,-0.6170761238293483,-0.3128438982300974,-0.37706085815276713,-0.3424439671198396,-0.812608696780763,-0.7736734102781894,-0.20492376913435773,-0.8983127159310744,-0.7729914932638946,-0.27403572652223307,-0.05143796214675822
2024-05-22,0.1560024219094256,0.07169110455070116,0.1254253533308085,0.10754773600952494,-0.8419373816201026,-0.32236614277544706,0.17925386701162638,0.37154960980250507,0.12653943905010112,0.3488660954059386,0.17925386701162638,-0.4883433182454676,-0.5399511405847619,0.20806812544874553,-0.7441009620964426,0.1300245709272667,-0.49189065133514553,-0.32236614277544695,-0.4279046238258627,-0.32194893503876754,-0.7783801477062736,-0.7925315326042179,-0.9821361050953488,-0.600510283851615,-0.5691892999045334,-0.2821178515144549,-0.05143271599350474
2024-05-23,0.17383308043950696,0.08852312412541252,0.05851363397083942,0.032898258165486194,-0.7777469738023173,-0.37691002135205853,0.1715767433911115,0.3600801624124699,0.12556380497287978,0.3361872708808813,0.1715767433911115,-0.5214948743392196,-0.5280431246906705,-0.1626012017458479,-0.07249560583977754,0.14777277805242228,-0.3309479097523781,-0.37691002135205864,-0.49332951876866504,-0.4803286041952328,-0.37617809124006285,-0.6389551061334658,-1.0,-0.7094680676020151,0.2275055065002045,-0.30027036267871166,0.05366880362987847
2024-05-24,0.029567899234534734,-0.013009924647977122,0.07901896765461758,0.061362174167034045,-0.9665397064464128,-0.01774532079412583,0.16669042828192837,0.35024590274784284,0.12407942473063915,0.32895477861058664,0.16669042828192837,-0.5372071482067579,-0.5195232805328872,-0.2661874420813889,-1.0405710883916948,0.04071316041830131,-0.6383607096209225,-0.01774532079412594,-0.4493963010860863,-0.40661207030216084,-1.017988303078492,-0.7770040164339329,-0.7587999197022731,-0.9854756193396179,-0.763725656452932,-0.31101015149378486,-0.03365325914160233
2024-05-28,0.045777613634011116,-0.004865485434029204,0.03261229646675523,0.001750221255012674,-0.625157455423694,-0.326623598053846,0.16069816825163175,0.3406976688028871,0.12742618753163892,0.31507451980086976,0.16069816825163175,-0.5655078463791912,-0.5185186705681215,-0.5106915548815687,-0.5916107269834788,0.049300911486780175,-0.00030193521292087855,-0.3266235980538461,-0.5921433116002814,-0.555620536889585,-0.7298862043772927,-0.7749306010931053,-0.4193245587723654,-0.7820954998490577,-0.6016125964618788,-0.3290703306361846,-0.020944942378845588
2024-05-29,-0.06498789099204372,-0.13246051898985345,-0.05372552684233023,-0.050880289360633824,-0.3811811825885386,-0.30437144367184643,0.14884343353727658,0.3323711400382292,0.13052997254411047,0.29102548486206925,0.14884343353727658,-0.6012536901364324,-0.5252265513566694,-0.5352448743467663,-0.9151760479251646,-0.08523927685118238,0.26327134442577527,-0.30437144367184654,-0.5888644781326113,-0.6127190616646991,-0.7099188736342831,-0.7646979520769839,-0.8570615707230014,-0.46977421308231937,-0.921212873008725,-0.35239353014657815,-0.004404139620579617
2024-05-30,-0.05526239071821648,-0.10965664084298532,-0.04077520732276585,-0.050343382514207224,-0.8858293853230236,-0.11602499306756009,0.15202120873366365,0.32438712862289165,0.12147640717177577,0.3054449129320349,0.15202120873366365,-0.6264702250183443,-0.5371454562219411,-0.41760399632376777,-0.8342914924483628,-0.06119415553873497,-0.5970789830774557,-0.11602499306756009,-0.5089288904978315,-0.590043347955591,-0.8924780653499147,-0.8329562684825612,-0.4907937989688306,-0.5133529212009971,-0.9999547145678283,-0.3718613463947509,-0.04567469820588421
2024-05-31,-0.01689951229163733,-0.009752697228769924,0.020740403433105792,0.07532464543657635,-0.5405807716117592,0.331852409778959,0.1587629438412086,0.3182947126949509,0.1122092066045477,0.32639663710682054,0.1587629438412086,-0.6055992652017308,-0.5479962657549239,-0.29422959202895804,-0.5228066562120832,0.044147682736507265,-0.09905129107325061,0.331852409778959,-0.2302712813842156,-0.43167302102588523,-0.5644440808994737,-0.7535274663361644,-0.9374661456868486,-0.8256741959368235,-0.24495614416399158,-0.36806612626526614,-0.02249290265574244
2024-06-03,0.10575314158669569,0.02011064585285305,0.04987997371602626,0.07693660594547813,-0.895451356104745,-0.11231959194954333,0.1584391646996175,0.31180726192031916,0.1122383757622909,0.3257937246114786,0.1584391646996175,-0.5860857698666969,-0.5577105240020213,-0.21222536626927824,-0.5394221275254114,0.07563652435231272,-0.6698069691777823,-0.11231959194954355,-0.2681808506855855,-0.42613945508015927,-0.6899515060048789,-0.7377128639833348,-1.0,0.0023540731130269332,-0.7359387783557416,-0.3636240237311804,-0.013503234132566155
2024-06-04,0.025245281134470332,-0.03581444446574378,0.0018540703586999996,-0.029935962471509314,-0.7523520006889155,-0.4909202318344795,0.14844517172585348,0.3028497710496334,0.11487095318844842,0.30550398664582734,0.14844517172585348,-0.6004133741781709,-0.5714585541625974,-0.6117037648006045,-0.5883141037071522,0.016667362508018257,-0.4677421083957879,-0.4909202318344795,-0.33484107505773675,-0.5843064369695493,-0.6043734283545876,-0.6878523155021654,-0.5890622693689763,-0.796625436777286,-0.5043391425437098,-0.37584082313362777,0.037569313835602136
2024-06-05,-0.029326582530575518,-0.08848098302904905,-0.00030398833884237586,-0.0063054480574226135,-0.8349076312772925,-0.03371291682894029,0.13642756997784278,0.2945655855971592,0.10511267949719039,0.2936388701768424,0.13642756997784278,-0.6019286397426091,-0.5855519445828271,-0.5526231957872219,-1.0000870945812368,-0.03886588059674223,-0.5908604359814662,-0.0337129168289404,-0.22619038450564255,-0.5022921655614294,-0.9951678574829894,-0.8097405404216566,-0.8749322803900739,-0.7094625092538464,-0.8424710294766908,-0.3818428628834485,-0.040179574208838775
2024-06-06,-0.0331088428883104,-0.09499667372312792,-0.012175562000982132,-0.053565236915973924,-0.8965936905354517,-0.2856165683695897,0.12372795981123086,0.2857514989011234,0.10193665364169013,0.2741802350003695,0.12372795981123086,-0.6146619910233557,-0.5993504113636245,-0.5845204550204044,-0.9545141667330411,-0.04573622835796409,-0.679655905543953,-0.2856165683695897,-0.29458467078917006,-0.4913171506519114,-0.9666433949044881,-0.9033261425499663,-0.5979975928586221,-0.9273614718168003,-0.8007854209622203,-0.3936829383903281,-0.08751952023325937
2024-06-07,-0.05742319475499724,-0.06784895266569946,-0.03214111198028813,-0.018120705264465964,-0.7992316482875308,0.009000784327545697,0.11705738399979926,0.2762678573106858,0.10172360142421955,0.26254826433358747,0.11705738399979926,-0.6112205454918691,-0.6091516281240442,-0.4568563059978781,-0.5565747965152248,-0.017110823416831233,-0.5246021570157184,0.009000784327545697,-0.4203787955264633,-0.37546724040132184,-0.7184781747766811,-0.8795901748977325,-0.3389268230290291,-0.6586188789240495,-0.7035154742833629,-0.3973940971156301,-0.07976367963151065
2024-06-10,-0.06228605589899583,-0.11400007004859225,-0.054265178303374184,-0.03262049670364209,-0.8083263877935415,-0.1695112220582038,0.10557110934037461,0.26483380104235565,0.09296290214764724,0.2506587218957934,0.10557110934037461,-0.6101335770142917,-0.6171177734548484,-0.47173652925823095,-0.7560826060889733,-0.06577400294399705,-0.5611849517564838,-0.16951122205820401,-0.4428145597083756,-0.421095281317281,-0.8126098487700556,-0.8987872394667968,-0.8570683842123584,-0.42618997931451996,-0.7868866815740698,-0.4019690252995356,-0.08862396308302578
2024-06-11,-0.04067356357724483,-0.12703128691544985,-0.08610241792806994,-0.09330708995493142,-0.5086832794312581,-0.33438855914598187,0.09314759984924725,0.2513277988950333,0.09234556452780329,0.22920881042640828,0.09314759984924725,-0.6247638946364942,-0.6235906297274711,-0.6659135455826187,-0.6002166373576876,-0.07951452499004352,-0.1265866721529456,-0.334388559145982,-0.38027530474474935,-0.4234506616173611,-0.7213273129795172,-0.8768601472701265,-1.0,-0.46977424092971354,-0.5228672468489626,-0.4146864002472139,-0.06405966572072075
2024-06-12,-0.06552786998914606,-0.12865978654315224,-0.13520700093978166,-0.14217759935276242,-0.5213368300483163,-0.2943928682582617,0.07365169042617947,0.23091636076659094,0.07993321547204002,0.2066453836746649,0.07365169042617947,-0.6479957028078474,-0.6286965107103106,-0.6565216039668348,-0.19525601203893383,-0.08123166585762698,-0.11760159850396623,-0.2943928682582617,-0.48267287577287765,-0.420428977607338,-0.4931290052432311,-0.7614486901807909,-0.6158614876110557,-0.4697686669769132,-0.31443209858933563,-0.43260642647830083,0.016226020201107527
2024-06-13,-0.17251165502362864,-0.21607654936106757,-0.13250926669590402,-0.16043780533296148,-0.7065707515813643,-0.18453552651568317,0.053055418480990824,0.21176831046925515,0.06317804857321874,0.18634053535187034,0.053055418480990824,-0.6685159574681401,-0.6332893917921356,-0.6080994356524608,-0.9415878941248425,-0.1734066307105634,-0.43007803980586656,-0.18453552651568328,-0.442987054713864,-0.4409671386290971,-0.9666434227751457,-0.8614732174491927,-0.41038925707661844,-0.8547340409103632,-0.9443739070105215,-0.4501094565988911,-0.04164158611170932
2024-06-14,-0.2124953446285468,-0.27906008870565147,-0.25985791920583257,-0.2511982084786636,-0.2401907522755522,-0.4501620366212645,0.02887172751603795,0.1888603549696184,0.05741163642431091,0.14901259762749097,0.02887172751603795,-0.7084345513594372,-0.6445226421797166,-0.6276313997507547,-0.3744153893772486,-0.23981844165228305,0.19385282662218528,-0.45016203662126464,-0.621313276423374,-0.6687625850427352,-0.48171989067770327,-0.7432932904699827,-0.6605315008150847,-0.2663941946593572,-0.634035966939057,-0.47893211558126236,0.05086714027950734
2024-06-17,-0.2865186464577665,-0.33769871432285714,-0.2792834800205314,-0.2522720221715167,-0.6162384596762536,-0.12195227444519041,0.006067280087486804,0.16632118064999712,0.048653686869256196,0.11703350669680335,0.006067280087486804,-0.7361822626352661,-0.6609184878914826,-0.7102985896843088,-0.7016228409486418,-0.3016488398626217,-0.3876991253827897,-0.12195227444519052,-0.6031349513868134,-0.6715152447319386,-0.8297229325084612,-0.7878931153002865,-0.8838608260361465,-0.41166562644008853,-0.7590962865121225,-0.5030731576426238,0.023068917945441747
2024-06-18,-0.27301056228923315,-0.313265655183278,-0.23287670739381372,-0.22971614809669783,-0.7165442098802262,-0.03379423713350993,-0.015354231167196253,0.14257156288553174,0.030907358037077337,0.0962252463055786,-0.015354231167196253,-0.7469871226395238,-0.6769295253303986,-0.5692346800481523,-0.898524746844821,-0.27588585923004594,-0.5306840614605683,-0.03379423713350993,-0.48685057624404915,-0.5381181920191421,-0.9466760559695557,-0.875956014929829,-0.8570615718609318,-0.8547340286824383,-0.6803544399787602,-0.5191771694939219,-0.03684283189743354
2024-06-20,-0.24113179702907317,-0.24213855697935138,-0.1918663403554307,-0.20286419260405175,-0.5253789364954322,-0.01823788365812129,-0.0378200202973078,0.12141860859282394,-0.006810415454553298,0.09293094256169909,-0.0378200202973078,-0.7431053231814113,-0.6923510123822676,-0.4109896041765668,-0.642167263662905,-0.20088722549323745,-0.316557270753667,-0.0182378836581214,-0.37843977134712914,-0.5336023376445824,-0.7897904373957569,-0.885997013628268,-0.1334545683671775,-0.9782106596092235,-0.7220435985123774,-0.5274718632872166,-0.048458463210385494
2024-06-21,-0.19142216681169688,-0.26819989436202185,-0.18485113029999245,-0.1931969761059219,0.9248585592263057,-0.082249866072716,-0.05675784187085886,0.09984476218357452,-0.03801667127806985,0.08958334866689976,-0.05675784187085886,-0.7329180966809015,-0.7052687616718861,-0.3858071337819823,-0.9351021860686227,-0.22836711355854855,1.0150955656012517,-0.08224986607271612,-0.3379084473730064,-0.4733562616838486,-0.9637902905027491,-0.9682097219997952,-0.8302623152460616,-0.4915635430950257,-0.9536361906409575,-0.5317081964491761,-0.1014095953094949
2024-06-24,-0.20384977742437516,-0.2627704964882872,-0.20967332662445592,-0.23508645653058557,-0.6181277050808839,-0.2723178231110688,-0.07476431511125481,0.08020462080141977,-0.057977395029551015,0.07698332019484888,-0.07476431511125481,-0.7333784926108242,-0.7186127300517248,-0.8624050285967643,-0.6714754390320912,-0.2226421868734172,-0.6537298059777005,-0.2723178231110688,-0.26595128118015465,-0.5562706034598432,-0.8040515522355842,-0.9719751844850631,-0.5354569192095695,-0.7239924348986263,-0.6988825521253449,-0.5408440513803445,-0.0959015634292002
2024-06-25,-0.26058341896796144,-0.3029496959112534,-0.23881283775842665,-0.27805016397130977,-0.7671584123484594,-0.2776626104511135,-0.09110560434698789,0.05869125031811695,-0.06438776012930658,0.05419812624821052,-0.09110560434698789,-0.7424981615765976,-0.7330716242347608,-0.9128902589835722,-0.7575969503713053,-0.2650083895929718,-0.8133194579279991,-0.2776626104511135,-0.3284202291047371,-0.5879618037308291,-0.8611005162046114,-0.9993403206398865,-0.2585222963874618,-0.9128370989944485,-0.8146806419133161,-0.55443484173623,-0.10500527051530784
2024-06-26,-0.2994862644013677,-0.36213215476854765,-0.26633299306532,-0.2871800602998056,-0.9426824912205009,-0.15219441630138153,-0.10942256323409738,0.04180084256650107,-0.07928925097415918,0.0361408795364937,-0.10942256323409738,-0.7481450260789486,-0.7465492076050314,-0.8016297230779768,-1.0295401334065784,-0.32741222255627,-0.9742067176706445,-0.15219441630138153,-0.3752726868911449,-0.5344017818037308,-1.026545436596975,-1.0929530401316971,-0.7051946160851129,-0.7603061699899134,-0.9490068164208496,-0.5663132986068977,-0.16255662368953283
2024-06-27,-0.29408309292731727,-0.3197814349096515,-0.26363470250406607,-0.23293841582167196,-0.864959813992806,0.08591334239785997,-0.1217561678636222,0.028536276577987962,-0.09155056636167169,0.02614225991429353,-0.1217561678636222,-0.7319894794554449,-0.7557242987564678,-0.6767396248209654,-0.6814053652198437,-0.28275630086969983,-0.8661710153355426,0.08591334239785997,-0.3343673576405003,-0.42169963672438715,-0.8183148895735926,-1.0861119572111195,-0.9106668927458433,-0.7239924455826438,-0.527500150965048,-0.5661556344947951,-0.1677624473197321
2024-06-28,-0.2238419268876266,-0.2763450726017981,-0.1837728022827787,-0.21360522279503458,-0.4551253690069731,-0.046108894059907146,-0.1303078600859009,0.015865695986497563,-0.09906187046243142,0.018249256463931163,-0.1303078600859009,-0.7094120772466066,-0.7601916014744036,-0.5222937014942286,-1.0119254087402598,-0.23695564387894164,-0.429826691412282,-0.046108894059907146,-0.32003909438420164,-0.38005145140993934,-0.9951701716589029,-1.1548998742498426,-0.5175930852349748,-0.8547285042109578,-0.9629020224934047,-0.5612453809947561,-0.21400131525909272
2024-07-01,-0.20438998454207769,-0.2915473878528011,-0.2981698290522772,-0.31188397508353805,-0.5883830739428684,-0.4816610417889462,-0.144052616983815,0.0032415954638054245,-0.10271927749619125,-0.002597429879484081,-0.144052616983815,-0.7173548336170932,-0.7611660117947529,-0.8075882155043804,-0.15118465608581766,-0.25298543986742095,-0.5417391972927066,-0.4816610417889463,-0.40409889451259684,-0.3897478677293692,-0.4874250163521052,-1.00000666342788,-1.0,-0.5714615172676587,-0.041146850346081676,-0.5717445979296765,-0.09899795660250199
2024-07-02,-0.32326032906994906,-0.3811355075818734,-0.3515916826944817,-0.38384767872582193,-0.44023108546814405,-0.389832415679333,-0.16818352495439948,-0.009334368254637848,-0.12591356468036186,-0.022931030165402322,-0.16818352495439948,-0.7412219817042931,-0.7617165273648523,-0.8697661821935615,-0.43670982744863474,-0.34744995126174516,-0.3930887730783781,-0.389832415679333,-0.4486184110080834,-0.47054217036531254,-0.675688215414894,-0.9453022908675967,-0.5086576840546824,-0.8256741885368424,-0.43949601921569925,-0.5913613295266039,-0.04965043491615906
2024-07-03,-0.3486554465548014,-0.3295547427917921,-0.31381867318587586,-0.3328287152958699,-0.737413781210444,0.07779928845232131,-0.18971794402995878,-0.019193590755251955,-0.1630317693445985,-0.025153819777134157,-0.18971794402995878,-0.740387577292001,-0.7609956235962837,-0.6237601453445027,-0.31072001401313776,-0.2930615819335809,-0.7261598070062576,0.07779928845232109,-0.35855712923979977,-0.43755536520068794,-0.47316425466656575,-0.8123306156324739,0.5901524664778821,-0.7821010512910321,-0.9212128770484769,-0.5983485029334439,0.02502635723043567
2024-07-05,-0.3632436392846088,-0.3925374116981022,-0.3445763056746226,-0.3569953099099684,-0.5755977155068823,-0.2096585268736728,-0.2069059115938875,-0.032927023040215886,-0.1793372426404023,-0.03984588333625494,-0.2069059115938875,-0.7427720898137553,-0.760959222726541,-0.5876506334422269,-0.5931790892392823,-0.35947247505799973,-0.5381947146041133,-0.20965852687367303,-0.4742454111461091,-0.4944426803163664,-0.7726739877718698,-0.8236237365654024,-0.044121401923566506,-0.5641965395569417,-1.0045876264628424,-0.6068482711447919,0.023080375065278824
2024-07-08,-0.3508162335384474,-0.42131422465365853,-0.4012358269677079,-0.4418484977753563,-0.43746312127066256,-0.44163139044275057,-0.2297950290273979,-0.05051218229470733,-0.19628044714099346,-0.0640376007991682,-0.2297950290273979,-0.7658628456496763,-0.7645579545232777,-0.6787040056017523,-0.3440396778812711,-0.38981564537515,-0.1859110206098209,-0.44163139044275057,-0.6276372288274836,-0.6004819807090638,-0.6243433027619728,-0.7707451687608222,-0.71412996264281,-0.9418913955152444,-0.17547302025231448,-0.6268867461160668,0.07665706175492693
2024-07-09,-0.444831987151169,-0.4946138756841453,-0.4260579231641721,-0.46816354642157576,-0.61720505034839,-0.22018986461334034,-0.251583436396438,-0.06642611220473105,-0.20667530653540034,-0.09262608732459687,-0.251583436396438,-0.7873465561677164,-0.7704531758380484,-0.5909109866873834,-0.7612204441516509,-0.4671050866638973,-0.4258181792601048,-0.22018986461334045,-0.5260003330791369,-0.5852487593009255,-0.8782169098920776,-0.8321722143856545,-0.36572606726094004,-0.9636807367920216,-0.7544669047248636,-0.6471356355013342,0.042437637793470095
2024-07-10,-0.4615821366488915,-0.5499958062028947,-0.4816382785070388,-0.5138126147408475,-0.5926448600881971,-0.29633445076140597,-0.2776335601079609,-0.08285665898264949,-0.2262341390341781,-0.1198912859328729,-0.2776335601079609,-0.8131283137853478,-0.7781684865481978,-0.6535538917071317,-0.753914527349655,-0.5255015238516548,-0.4172867744035982,-0.29633445076140597,-0.489304601955442,-0.5907229730321194,-0.8753638434402171,-0.884203639297466,-1.0,-0.832939161977813,-0.5043426930591801,-0.6708136210402053,0.01839297029154152
2024-07-11,-0.5021059791063123,-0.5049301412165145,-0.4708461472650829,-0.4762196290572185,-0.6737945406080119,0.030447161717550575,-0.3009460492876638,-0.09741434256418202,-0.25626303094567693,-0.1321445509528577,-0.3009460492876638,-0.8170035233812889,-0.7856902698816299,-0.60707233402383,-0.43353335511076097,-0.4779828792314438,-0.5550193002225593,0.030447161717550575,-0.5075025593780741,-0.5376108127840105,-0.6956555924368921,-0.8533753785603369,0.08988156692017824,-0.7312518802405026,-0.8424710474395405,-0.6832490314147392,0.030300890611605125
2024-07-12,-0.4329451238756594,-0.4685519304702864,-0.417963874924825,-0.41070004754167544,-0.6410622655743021,0.1385445513429755,-0.31762601854323347,-0.11180980836788335,-0.2837404100057562,-0.135101104250946,-0.31762601854323347,-0.7952908133759526,-0.792605014424728,-0.496950134570844,-0.6005757393103419,-0.43962455768239783,-0.5397890569635797,0.13854455134297528,-0.37186854212493115,-0.5223528430674127,-0.7127713238599027,-0.8338885135050578,-0.4014607017276832,-0.5133529282631377,-0.8702614475158061,-0.6809754909769992,0.028326212593961175
2024-07-15,-0.41781613790611294,-0.44303271158999424,-0.4487216104718691,-0.4767565359036451,-0.6003775854652882,-0.3728645698177119,-0.33520916348023067,-0.12080875828091131,-0.3004540333260445,-0.15009870427639815,-0.33520916348023067,-0.7932627628524906,-0.8017644749734808,-0.6083401104408931,-0.09336851743313845,-0.4127162962970511,-0.47217205794184114,-0.372864569817712,-0.3441922546765399,-0.6180598222571245,-0.4874250180781924,-0.7217968181782943,0.03628312625624819,-0.7748360886687944,-0.4487583136704224,-0.6883689683892944,0.1172178473095633
2024-07-16,-0.480493166096029,-0.484840981467192,-0.5059206065671749,-0.4042559254149346,-0.5381203589917756,0.16590693623585717,-0.3480225503235941,-0.12944747495572506,-0.32184115497091015,-0.15209907573385606,-0.3480225503235941,-0.7651006005806603,-0.8069800014263981,-0.377930030028541,0.06874667660732725,-0.45680024178150913,-0.4009843761969565,0.16590693623585717,-0.19014294234275098,-0.42720238951072387,-0.4047047764589087,-0.5897034854418923,-0.7766638376361465,0.0314027127205696,-0.40707274109661096,-0.6803996021919703,0.18543617507854493
2024-07-17,-0.4351065690639797,-0.5027582521362209,-0.45142007926954164,-0.4595713835859213,-0.524192666125083,-0.3311160004641899,-0.35897319705785447,-0.14279223507124805,-0.32809782929560694,-0.1654662898596566,-0.35897319705785447,-0.7551403266292094,-0.8085003769644458,-0.3952549063192168,-0.6051162684968427,-0.4756927715542981,-0.3723684393453054,-0.3311160004641899,-0.20438475375462128,-0.40934787786917926,-0.7641170447023484,-0.6270651330678718,-0.6605246693376643,-0.5060879805775768,-0.7452010993177673,-0.6810108740279972,0.17526180828387816
2024-07-18,-0.49129969272381113,-0.546738053256451,-0.5080790104880525,-0.536905395662093,-0.403193088349463,-0.41958357700904214,-0.37393155011971857,-0.15993556432559364,-0.3297864507145958,-0.19037602865367853,-0.37393155011971857,-0.7661618589669634,-0.8113158401233742,-0.48185489258150815,-0.4756938408620949,-0.5220664474011179,-0.2701013758099784,-0.41958357700904203,-0.38494187845859096,-0.5571533118612704,-0.7184781998487713,-0.6401639772722372,-0.4550592072915559,-0.7893604768635918,-0.5599270206671063,-0.6929683680423007,0.18677804120279173
2024-07-19,-0.5437098203205843,-0.6178649633521482,-0.5620397661292418,-0.5395903432174332,-0.476478235673259,-0.12860005471915803,-0.3902163854450126,-0.17867291701961951,-0.3386078527145302,-0.2107229310896681,-0.3902163854450126,-0.7710950473103457,-0.8144097088250969,-0.6087249459563528,-0.6210819891095358,-0.5970648827907343,-0.37148981643099044,-0.12860005471915814,-0.4888079997487065,-0.5333512059757699,-0.8069046433110196,-0.6888742307537229,-0.7587999150151999,-0.09933875992995977,-0.9860595103349781,-0.7019278703367335,0.15490711098802334
2024-07-22,-0.5177754762664002,-0.5804014642541149,-0.5404563305228927,-0.5336835412603262,-0.7002000403331926,-0.09449634999333323,-0.40760195255617415,-0.19642198127945587,-0.3570578175145833,-0.22368606557807658,-0.40760195255617415,-0.7686236439758465,-0.814711285647861,-0.6419951242605035,-0.48027270771069464,-0.5575621993085964,-0.6115700276758151,-0.09449634999333334,-0.37907032829607,-0.42959103333321946,-0.7241800784532388,-0.6961407605262353,-0.5711915871961737,-0.3099728723950469,-0.8146806523131847,-0.706734132249335,0.14853242667792665
2024-07-23,-0.5572182905335661,-0.6417557506343434,-0.542614200103293,-0.5481837460227098,-0.7317021090569107,-0.17543837690574826,-0.42625759146312037,-0.21257808932183364,-0.3812459994986299,-0.23333862564706975,-0.42625759146312037,-0.7665030365988592,-0.8124344361050265,-0.5425306883299523,-1.0230629988568838,-0.6222560750410384,-0.6386560562144628,-0.17543837690574837,-0.5116957289767265,-0.41611955371686327,-0.969497674280818,-0.8060788603666961,-0.9642653958974408,-0.5060879798900259,-0.9906959587572857,-0.7114438162959889,0.07857802678088333
2024-07-24,-0.5447908412752716,-0.6178651172287064,-0.6446004738382756,-0.6717033199413723,-0.4020946898583989,-0.6092740922284021,-0.4492031410856725,-0.23366849422827785,-0.3868345285041551,-0.26864167893130675,-0.4492031410856725,-0.7973971194128818,-0.8107160332893762,-0.6063588814466299,0.15027637074601596,-0.5970650450429832,-0.25614184801729256,-0.6092740922284021,-0.6207278455267522,-0.5109700812827807,-0.37047404187292365,-0.6482863078427052,-0.7409292118989113,-0.7748360829873157,0.14412725831313278,-0.7351763712591237,0.21796902851802447
2024-07-25,-0.6944591373398642,-0.7324294678022727,-0.6742794801838337,-0.6958707412018856,-0.35556652977692405,-0.2168089956958782,-0.47116088846463133,-0.2542994142298074,-0.3887765327485023,-0.3057278471638972,-0.47116088846463133,-0.8239906999998698,-0.8114792801027162,-0.7718040750501375,-0.6095405537372772,-0.7178652742794949,-0.24619076749801994,-0.2168089956958782,-0.5421066937494469,-0.5832393989639488,-0.8154617988557132,-0.6995287643458414,-0.15132527416958186,-0.7022031104731561,-0.9304751682584875,-0.7581461330113353,0.18926136413586403
2024-07-26,-0.6550159913889251,-0.7308005486125931,-0.679136092548209,-0.6373326019827175,-0.5755098436275972,0.12285428699377676,-0.4895624739139057,-0.2755984153426695,-0.4025969393539308,-0.324983664680902,-0.4895624739139057,-0.8220927224929712,-0.8144069965240517,-0.5871456837458988,-0.5546912403407345,-0.7161476910126593,-0.5119330307280499,0.12285428699377654,-0.4450948449770853,-0.5877351188852773,-0.781231125429686,-0.7294773049912833,-0.9464014984817508,0.016878401191112946,-0.9212128756702088,-0.7657506383455808,0.15289804537059903
2024-07-29,-0.6398869253163814,-0.6710750470451716,-0.6392043098382336,-0.5895354929545321,-0.7772636784662491,0.07604414441052731,-0.5083027393830176,-0.2957878915768578,-0.43565148017422073,-0.32618827449651133,-0.5083027393830176,-0.8011172103288965,-0.8152649799892142,-0.3559126223884155,-0.37225570253776286,-0.653171256855882,-0.7320203772289772,0.07604414441052709,-0.37849692842815286,-0.45547301667688933,-0.6785434637094115,-0.7120497832919157,-0.7587999161395043,-0.3172432680440892,-0.6386652874578722,-0.7617113828316613,0.1522492860616944
2024-07-30,-0.6107099160946274,-0.664559658427445,-0.5814661005794455,-0.5889985861081055,-0.7877643680408217,-0.1157913317915169,-0.5280308070957227,-0.3154109269113877,-0.48092063161697085,-0.3173008783186343,-0.5280308070957227,-0.7796162894867851,-0.8168506066172246,-0.3124080947586705,-0.864984330161923,-0.6463012276134001,-0.7223182881719177,-0.11579133179151702,-0.35487373780549947,-0.5380571594600465,-0.9495291650170211,-0.8114304931478431,-0.6605314675925766,-0.702203105901763,-0.8841566467288798,-0.7558634554218675,0.08489308703221665
2024-07-31,-0.5804517806861718,-0.6059200956200661,-0.539376431262312,-0.5723503406368085,-0.5438320311453089,-0.05111479078243564,-0.5417191100831986,-0.3339527746582591,-0.5078948982711915,-0.3154358765020264,-0.5417191100831986,-0.7531138877707821,-0.8166292478215975,-0.191988564968267,-0.7162346614927112,-0.5844698412004732,-0.42100948203928634,-0.05111479078243586,-0.12750812607604012,-0.45496483500770557,-0.8354290981647272,-0.8493560673843021,0.027347769843278913,-0.8619934523937313,-0.9999582483318061,-0.7455802688860487,0.055277182580753204
2024-08-01,-0.605846978262993,-0.6792194865204162,-0.7768058953738103,-0.793075679797536,0.4644977836515247,-1.0007025292439522,-0.5632252913428402,-0.35783003220054477,-0.5003576938780647,-0.3609130808371386,-0.5632252913428402,-0.7942285406233682,-0.8196951221374565,-0.5918700792185136,0.846111924757107,-0.6617590081998803,0.601660961029495,-1.0007025292439522,-0.4498173530222852,-0.6310497607688903,0.06310637802779517,-0.5026165281585124,-0.7409292275241195,-0.6368295536682744,0.6675366995568761,-0.7738751927872211,0.35622169877161314
2024-08-02,-0.8679010707204663,-0.9360383616356338,-0.9230402817005835,-0.8956505135038667,0.39859387418767933,-0.5495996117500469,-0.5928032957253354,-0.38537866632076334,-0.493539952756323,-0.4200180223973612,-0.5928032957253354,-0.8523951238313925,-0.8285759659626961,-0.8359338854576926,-0.10956982450808384,-0.9325568509045337,0.3544457536055263,-0.549599611750047,-0.7090759679508637,-0.7523589265717838,-0.33624547087402745,-0.37082491982695764,-0.6337321943966373,-0.055754533617931035,-0.6942496337293257,-0.8149642782293893,0.4857155857620994
2024-08-05,-1.1688585918638401,-1.113042765362338,-1.131870241224469,-1.0701898774988963,0.633782959094322,-0.8707053785946733,-0.6302838483849555,-0.41580628992870694,-0.4596894186581201,-0.5193629987230131,-0.6302838483849555,-0.9448544907145217,-0.84782660746327,-0.9054165701140581,0.3477846231292463,-1.119195822268733,0.35196470977880656,-0.8707053785946733,-1.0613872564590494,-0.9703054156497839,0.22284657657107232,-0.02040336524259967,-0.03519284191947181,-0.7966198754920529,-0.24958544849635578,-0.8804542757271423,0.8172478881114715
2024-08-06,-1.0591742700141538,-0.9870768680373447,-1.0082993769892907,-0.9230402024893543,0.7982351811764374,0.544727317949603,-0.6555719420518458,-0.44114945342385814,-0.45955759309411437,-0.5643707797227169,-0.6555719420518458,-0.9665919111582494,-0.86968338942669,-0.7492653620439907,0.3166697017079465,-0.9863734460525746,0.26604298241475766,0.5447273179496028,-0.82602035943947,-0.7760241234243057,-0.2820492692317379,0.06998967055650551,-0.41039605141253754,-0.9854700786403973,0.07928057386371634,-0.9086936536546156,0.8181029125552011
2024-08-07,-0.8127889978353279,-0.8730553006519073,-1.0002050488415184,-1.0003746278887333,0.8112402193106363,-0.4537067828025244,-0.6835412597829089,-0.4665586424005127,-0.45350811302612704,-0.6198756908276151,-0.6835412597829089,-1.0000382388140385,-0.8918189667961345,-0.7638666168648105,1.2615014119875574,-0.8661455443614418,0.1255780630100498,-0.4537067828025245,-0.9742659187262347,-0.7312562822532891,0.1686485258105983,0.33873864936135845,-0.5086576881605473,-0.4334549713327034,0.6814319586198869,-0.9451111047078502,1.0534519840747163
2024-08-08,-0.9684007267600367,-0.9724167894232273,-0.9230406155757561,-0.9037065961395094,-0.25504109987473866,0.3098272703606808,-0.7040313792616432,-0.4902906255882531,-0.4596786384978355,-0.6502565888842243,-0.7040313792616432,-0.9900605621088905,-0.9099596693954423,-0.5320810202759803,-0.45036563670973784,-0.9709154013087739,-0.6560107252867415,0.3098272703606806,-0.47607824658112785,-0.5817349445662425,-0.575851971400845,0.2571219190651861,-0.4907938037198464,-0.9128370968251105,-0.5321330747184569,-0.9564916517584803,0.9458078829067222
2024-08-09,-0.8857321709757651,-0.9718738571737606,-0.979700164689686,-1.0121898850957767,-0.35912534088797166,-0.5867324613675153,-0.7321982530971464,-0.5152244026388249,-0.4654038764334715,-0.6946935931563415,-0.7321982530971464,-1.0077389100857288,-0.9302387991246202,-0.6138852581608607,0.10863474998249067,-0.970342916588465,-0.7425716343072215,-0.5867324613675153,-0.490892963131348,-0.7852884689451799,-0.45889842271864223,0.23579731723021213,-0.9285307920679535,-0.8692584204251013,0.15802590018782725,-0.9838628574817285,0.9825291000469776
2024-08-12,-1.0559326999338499,-1.0891530226099164,-1.0352801800844218,-1.0497828707794057,-0.2861477451416736,-0.28479336723071513,-0.7657840072500399,-0.539788392271285,-0.4855299828306221,-0.7347825086310578,-0.7657840072500399,-1.0256101101751631,-0.9547613637853523,-0.6489698950369147,-0.46921159322356465,-1.0940057314032445,-0.716933973469415,-0.28479336723071513,-0.2532378002515695,-0.8849839479537788,-0.7812311622766447,0.08113861680772749,-0.044121508909045204,-0.6295646063901608,-0.9767972234664032,-1.012106558512196,0.8845564425364882
2024-08-13,-1.059174286703056,-1.1016410396992777,-1.044453291645756,-1.0352826660170222,-0.37964342470104884,-0.05298230342122334,-0.795136261154971,-0.5640090107766476,-0.5040172221977206,-0.7689473257834234,-0.795136261154971,-1.0277960701093463,-0.9818713735984499,-0.6163755655624767,-0.5025891690069884,-1.1071734866390726,-0.8001941252220202,-0.05298230342122345,-0.4847785763305271,-0.8677953477174255,-0.7983475583336519,-0.06013016526627368,-0.4282599486215056,-0.49882300447246075,-0.8887930952132388,-1.0312614429459215,0.7714502728826806
2024-08-14,-1.0418837705164001,-1.1032695090921476,-1.0439132354375094,-1.0438748288526767,-0.37520589479714994,-0.15630194610875703,-0.8287501879595913,-0.5915312184418313,-0.5427203256775048,-0.7910712197945886,-0.8287501879595913,-1.0245979145336535,-1.011527031328416,-0.5295293750898289,-0.5291468364579845,-1.1088905956261044,-0.8047688290812156,-0.15630194610875692,-0.36692458847159304,-0.8965783253261408,-0.8097577420026978,-0.18738362193210034,-0.5086644732800445,-0.4334549360952199,-0.9073176673873412,-1.0467027003699096,0.6793636619702101
2024-08-15,-1.0002796535958507,-0.9897913321625613,-0.9484023491275266,-0.9310958718017895,-0.20060447065760234,0.3865809149556303,-0.8535302398753287,-0.616319721137857,-0.583596890404626,-0.7954095181483155,-0.8535302398753287,-0.9807955536714984,-1.0319067477656192,-0.3389698510931082,-0.3587412135610115,-0.9892356618024024,-0.6530876885364473,0.3865809149556301,-0.33728736851193886,-0.4980069463127249,-0.4360813933758162,-0.13980120411542984,-0.3210561177614353,-1.0,-0.4950768340610361,-1.0357274856438237,0.6679206771292716
2024-08-16,-0.9586749566408446,-0.9691591571918627,-0.9068520772867096,-0.9230402024893543,-0.6205881177008674,-0.08290304628129652,-0.8738228032496238,-0.6382820262721021,-0.6149835393583754,-0.8009864986246211,-0.8738228032496238,-0.9371064235708874,-1.0411602178164716,-0.4110329335815629,-0.5858332041122538,-0.9674804521439864,-0.9035139316590984,-0.08290304628129674,-0.13180850264937727,-0.3566911966200046,-0.8297251187930369,-0.2648675641092647,-0.11559066927927186,-1.0,-0.7822573191727554,-1.0214733579017625,0.5731554067286404
2024-08-19,-0.9262361744622026,-0.9586319766152261,-0.8798695075026115,-0.8928667817019554,0.03304685636155069,0.013055827364450767,-0.8923885590163648,-0.660083434951268,-0.6497553428600322,-0.8002160846052381,-0.8923885590163648,-0.8873665604188847,-1.0348805025611034,-0.4376722393859155,-0.7608563649686855,-0.9563802641666169,-0.36932639291678626,0.013055827364450545,-0.00894368572701898,-0.07671302052060391,-0.9141907974633878,-0.40894300895507485,-0.44430281137968775,-0.9271282156790945,-0.8001001424853539,-1.0001568887998311,0.45703404301200634
2024-08-20,-0.9246102541289669,-0.9875035944902961,-0.8874491763762267,-0.9241181494142815,-0.6133386876598445,-0.2526378345027884,-0.9129070900821915,-0.6814911809265999,-0.6902949046870914,-0.7973180739977586,-0.9129070900821915,-0.8518859297011594,-1.0223505523970648,-0.4657759778607007,-0.9764685501369132,-0.9868233997517816,-0.7971768196625989,-0.25263783450278854,-0.09160759163678567,-0.32204167471328915,-1.0286670397603515,-0.5821716933448559,-0.5428943914572751,-0.9198449348828779,-0.9348644194461918,-0.9844680088167137,0.341400889775193
2024-08-21,-0.904552366501827,-0.924858256435144,-0.8592970684096645,-0.8519171982509438,-0.4099152871147752,0.19560760790362175,-0.9288692106143408,-0.7019950506635373,-0.7308622609701453,-0.786306638338691,-0.9288692106143408,-0.7969363356097543,-1.000164641139045,-0.3851868389393479,-0.6323474020051011,-0.920768198812099,-0.520864590481303,0.19560760790362153,0.05330366521368002,-0.11996279589305014,-0.7310313272734653,-0.6065597063618933,-0.5697885653279406,-0.9125505246749532,-0.6328024145766302,-0.9539295975172687,0.3006301357978023
2024-08-22,-0.8606428454987809,-0.9357530058857616,-0.8414312846096996,-0.866465348505387,-0.9233506777777729,-0.18003230887724075,-0.9391045500286139,-0.7225001095909518,-0.7511257132680764,-0.7848213074188071,-0.9391045500286139,-0.7533920728471801,-0.9743120714807064,-0.16845422433989932,-0.9286615272840235,-0.932255962889842,-0.9852097493417348,-0.18003230887724064,-0.17758360318164612,-0.2714604050058662,-1.0000487861448595,-0.741349013969446,-0.7490421933456682,-0.7595236755537018,-0.8837454687277846,-0.9271344505203003,0.20793034552301703
2024-08-23,-0.8926269846659765,-0.9482821773813698,-0.8787873584336989,-0.8513786381116876,-0.7712444547352179,-0.05333770802535831,-0.9472769649403243,-0.7411418290098135,-0.7679538617672819,-0.7830061912323183,-0.9472769649403243,-0.7103866999578539,-0.941830693206089,-0.003327937820817972,-0.6729203762444297,-0.9454671126169217,-0.7998747596388303,-0.05333770802535831,-0.16560177897274153,-0.10262511616522785,-0.8684009588085846,-0.8025485573909792,-0.9641479105669585,-0.489892004646748,-0.730388646241677,-0.8980139842753846,0.1595610587548113
2024-08-26,-0.8449221457750746,-0.9210448212961985,-0.8398073005679717,-0.8583832265076774,-0.8435190754472349,-0.14783570346490715,-0.958893850359066,-0.7587540245606101,-0.7974993476036286,-0.774971512616893,-0.958893850359066,-0.6749230141880721,-0.9035232590158901,0.3121291256490113,-0.800426597125766,-0.9167471937031199,-0.8395439334142654,-0.14783570346490726,-0.230564044373469,-0.058704532415458366,-0.931362386997875,-0.8821877626799246,-0.7669648264031163,-0.6720742098728809,-0.8186856393435837,-0.8712058995008711,0.10416180906109118
2024-08-27,-0.8774479023241676,-0.95917721430412,-0.8500938968337276,-0.8691593891712902,-0.9225598308642068,-0.16400650566608976,-0.9735889400909908,-0.7761821801801283,-0.8431702795152614,-0.7567622327225967,-0.9735889400909908,-0.6469040160458501,-0.8619163750969444,0.048512685379660025,-1.0741449648563683,-0.9569551798142595,-0.8936242901137511,-0.16400650566608987,-0.19456542486852824,-0.09411942160631781,-1.0687323267256692,-1.0092437106216798,-0.8565984778872464,-0.6793575061121602,-1.0045723951037693,-0.8472383646521453,0.015293449030066686
2024-08-28,-0.9072629475644245,-0.9951296829039789,-0.9794847717482602,-0.9629118390154386,-0.09779437189400364,-0.5197047873570428,-0.993239223481541,-0.793683913148878,-0.9013032302819821,-0.735262135077162,-0.993239223481541,-0.6499374557196655,-0.8209902017819877,0.010705684894172673,-0.12043872861181193,-0.9948645855477001,0.056135667291602465,-0.519704787357043,-0.4793258993006929,-0.20998861744708575,-0.4419850361908826,-0.8545740864832401,-0.9551831741148099,-0.205682543617129,-0.45156378772205275,-0.8418393724338412,0.15300673068918247
2024-08-29,-0.9723142940107812,-1.0000326804884854,-0.931843042102076,-0.9499806091483862,-0.686667770923283,-0.061252185076544396,-1.0130848473940501,-0.8108412484243916,-0.9846324959516539,-0.6896746209171093,-1.0130848473940501,-0.6452503940941795,-0.784336802596689,-0.18151020790526384,-0.6418272934806952,-1.0000344593277124,-0.5853425121143656,-0.061252185076544396,-0.43294652053724103,-0.3457037228485075,-0.8598156732228406,-0.8970498889121433,-0.17542239178761876,-0.8469620294749491,-0.8976899002480053,-0.8321324072162786,0.11806690639056305
2024-08-30,-0.9376204349356293,-0.9678928264883616,-0.9248049550653215,-0.8777804846314634,0.3094039167132754,0.19759636701969296,-1.017536343580895,-0.8267777831174912,-1.000021350786012,-0.6826515723879054,-1.017536343580895,-0.6167818846607106,-0.7493460335201471,0.280061362671137,-0.39346321772570747,-0.9661451935010813,0.4372507990432113,0.19759636701969296,-0.3350091995036406,-0.260595564140384,-0.7281700252208794,-0.8782453152254622,-0.8476269055953376,-0.4753142969853553,-0.5723907479756072,-0.80719851473692,0.11218459386183355
2024-09-03,-0.8844950912377442,-0.9597217586877913,-0.8982769088090645,-0.9354328722171504,-0.526916694382922,-0.3655191824358536,-1.0196270280286444,-0.8447923621022831,-1.0032175348025574,-0.6832625106300262,-1.0196270280286444,-0.6089731273613812,-0.7189356242468432,0.21737388609367936,-0.5923224517732586,-0.9575293644192227,-0.43392567795027626,-0.3655191824358536,-0.42162173275235093,-0.37664442016208144,-0.8254746473563719,-0.9030567444005995,-0.7490421889403371,-0.9271282167746342,-0.49338645369699785,-0.7941911964500215,0.1096775710431559
2024-09-04,-0.9408733455317428,-0.9134185857004178,-0.8934045272338822,-0.8691593891712902,-0.46154001619478735,0.17066302392132493,-1.0090622619095975,-0.8614149377321174,-1.0037002697884914,-0.6640446024449784,-1.0090622619095975,-0.5802507902696852,-0.6892634596688235,0.3118822152949001,-0.15982163883405642,-0.9087058527138008,-0.3756450316898695,0.17066302392132493,-0.2899748493846971,-0.24771495924918985,-0.6079721016575841,-0.8326706930784742,-0.09475353097835082,-0.9417059136424293,-0.47014931905082846,-0.7676135840907475,0.14277975176574853
2024-09-05,-0.8747377045605591,-0.9237688659219826,-0.8663352576738553,-0.8648488414412037,-0.7183016474659287,-0.09947492101694333,-1.0060041281671128,-0.8769014095679248,-0.9978862721847735,-0.6642553090318871,-1.0060041281671128,-0.554064981930318,-0.6627333178294956,0.3443434769291902,-0.5560322607789754,-0.9196195114319574,-0.6464192233583146,-0.09947492101694344,-0.1181079125846125,-0.33746768300728935,-0.8054416939618063,-0.8550953255856731,-0.336753434003247,-0.41702022224205537,-0.9999242514142278,-0.7412989396341378,0.12542041331891185
2024-09-06,-0.8622691832122859,-0.9025237678093095,-0.8457625891003524,-0.8864011667684292,-0.5757734592654526,-0.2102094146565392,-1.0000144747044395,-0.8918613546151993,-0.9955984813790385,-0.6558437778576607,-1.0000144747044395,-0.5379261002827691,-0.6391968128976397,0.052437012964544616,-0.5531228064838405,-0.8972180164702669,-0.513625153903114,-0.21020941465653908,-0.17889842157562064,-0.346688107689633,-0.8025791983809698,-0.8733206755618556,-0.17542241912206402,-0.9708501760929874,-0.7257440349357671,-0.7203293819903188,0.11807442359571851
2024-09-09,-0.8964213570337023,-0.9357530395864722,-0.8620042502454196,-0.8761635642440726,-0.7154458113891622,-0.07389269668474918,-0.9985670042605006,-0.9063450339586117,-0.9929783292592663,-0.6558157748569969,-0.9985670042605006,-0.5203028040108686,-0.6184329284606891,0.057827019213742004,-0.7161277650994251,-0.9322559984249237,-0.6814116810130437,-0.07389269668474929,-0.28719924557888354,-0.35291336929386463,-0.891296402246468,-0.9265967395825332,-0.3457181290200305,-0.7668069637740563,-0.9116272426479639,-0.697922943440737,0.07678174331667309
2024-09-10,-0.8785321503642267,-0.9657141052017942,-0.9470018678565828,-0.9602182116727429,-0.5570567489777205,-0.478755555414742,-0.9958357340979618,-0.9242295541285457,-0.9957829529393502,-0.6482486835671263,-0.9958357340979618,-0.5300135542456406,-0.602603690191579,-0.23391021820999924,-0.1620613106881299,-0.9638478817322619,-0.5290292552269105,-0.478755555414742,-0.3331218448195066,-0.4535527056391727,-0.5993868199158336,-0.849444959202682,-0.9462252817303647,-0.6064857119659679,-0.22849899368949345,-0.6926890028358943,0.15602805551688115
2024-09-11,-0.9696042065445873,-1.0294489964004647,-0.9659503504405179,-0.9375883527437975,-0.8396087768190468,-0.018796044758910946,-0.9899395695273733,-0.9420330060656492,-1.0049207699921532,-0.6289231018371253,-0.9899395695273733,-0.529014190860706,-0.5897259516843708,-0.10241493676620406,-0.5920917200282537,-1.0310519415346135,-0.8517461374598709,-0.018796044758910946,-0.40719597451373124,-0.41017473338245747,-0.8340599222067853,-0.8817234959695767,-0.8655563680789318,-0.35143170816262936,-0.8140410416122951,-0.6817049781756314,0.12592429480326062
2024-09-12,-0.9229841241455088,-0.9967646316399194,-0.9421293643278918,-0.9111865062240216,-0.8098202097413887,-0.0029105943624030406,-0.9834179373342081,-0.9567704403615265,-1.0138505901148804,-0.6086891787149276,-0.9834179373342081,-0.518503163702918,-0.5753686783504461,-0.22932351561440767,-0.5129746881721993,-0.9965885265564236,-0.7625490873462577,-0.0029105943624030406,-0.3692704901399786,-0.2513477707535845,-0.7882711835100864,-0.8903536510956036,-0.7669716727529429,-0.045366927681238955,-0.9859833656708605,-0.664989068956126,0.11239501837395682
2024-09-13,-0.8915423046291018,-0.8431469099615925,-0.8528003931384889,-0.7926483036010734,-0.43935236667529276,0.39522105413033737,-0.9702152161735316,-0.9668232468092951,-1.011146292007331,-0.5878801918885779,-0.9702152161735316,-0.47301051136509564,-0.5565539912744927,0.09754620471195974,0.121212033165913,-0.8346092031401369,-0.34964953136666777,0.39522105413033737,-0.12870316248616154,-0.11060066380584388,-0.3704376125125092,-0.7213090693301404,-0.21127449780987428,-0.8251066135676224,-0.23314713515517005,-0.6253434058566572,0.20104553510986012
2024-09-16,-0.7907127094276036,-0.8311626334940871,-0.7580579764710658,-0.7662468704045049,-0.6931702899903824,-0.006856358291915776,-0.9615518976927914,-0.977481422357792,-0.9886674393906564,-0.5943038425035423,-0.9615518976927914,-0.4282784123896759,-0.5359627450003142,0.11963885534661634,-0.7332655085209556,-0.8219726077484599,-0.5381496464733437,-0.006856358291915887,-0.10136559160368708,-0.1743289461144748,-0.8912985986949308,-0.794854275458621,-0.45326758612896656,-0.7449459945471516,-0.8698081337948119,-0.583864778348822,0.14177610045089128
2024-09-17,-0.7348769066915499,-0.7516301309687776,-0.6887605657094595,-0.7096716030973302,-0.33847544925596684,0.11863006713798918,-0.9503387261560841,-0.9861540766992836,-0.954224174774273,-0.6078046258505143,-0.9503387261560841,-0.3755970732769419,-0.5104698257121263,0.2365965186996959,-0.6469469188149792,-0.7381110531836177,-0.10375941787569876,0.11863006713798896,0.14884621366142836,-0.020333021653905603,-0.6594854238715337,-0.7606582875747605,-0.08579560987263635,-0.9271282200680209,-0.8605118437176784,-0.5351023572949087,0.15056632720607666
2024-09-18,-0.7180717257378952,-0.8050143482544805,-0.7553508685097527,-0.7754061126807269,-0.49550249753848896,-0.38921673950941205,-0.9441658092681057,-0.9943565840776571,-0.9414596215911041,-0.609227676463852,-0.9441658092681057,-0.35399206365328806,-0.4857543703132914,0.10937283723823255,-0.5184146153659324,-0.7944010391473022,-0.30095927497705344,-0.38921673950941205,-0.007494516001090301,-0.1979043514880009,-0.7682359547078983,-0.7769660962307502,-0.9551831728210634,-0.6866463161949731,-0.44691562734006884,-0.5039411363497956,0.15686987194750568
2024-09-19,-0.7007250262858917,-0.7472720507116715,-0.6773914738740474,-0.6999729740354372,-0.42252490179219093,0.19816740066790905,-0.9323862957510749,-1.0000570042012353,-0.9139194593639297,-0.6150290713325328,-0.9323862957510749,-0.314617737888394,-0.4595982623523125,0.44380874416094884,-0.7210035680618045,-0.7335157572520838,-0.25245850263434166,0.19816740066790905,0.0755417720493019,-0.10504021485257464,-0.5879407957652136,-0.7149294144048153,-0.29193658035127845,-0.7157961640954733,-0.9488088497250556,-0.4608325209237518,0.17970676317386447
2024-09-20,-0.7213242618763444,-0.8077383277890697,-0.7477715925262831,-0.7252968736302858,-0.36923060700576127,-0.22221769420127402,-0.9257320109872873,-1.0052576085839067,-0.8968057379282119,-0.6198154169551228,-0.9257320109872873,-0.2920065295755059,-0.43273514740240504,0.3618086227326869,-0.617744431246235,-0.7972732882419509,-0.21774298217474453,-0.22221769420127402,-0.17668768527929468,-0.10887324823737032,-0.7682371878945189,-0.7373349271400926,-0.9462252790643295,-0.11094977478252543,-0.9069826398822443,-0.4270162626124737,0.1710277243482441
2024-09-23,-0.7234927792646282,-0.7641588056037362,-0.6920089843795321,-0.6983564669712539,-0.6979593074114219,-0.006366168703123232,-0.9168973758495147,-1.0107201702841255,-0.8753218442585585,-0.6249701637644826,-0.9168973758495147,-0.26710247047536906,-0.40507671564133274,0.2976704306226592,-0.7384549011131463,-0.7513216790053109,-0.6196939208758717,-0.006366168703123343,-0.17648984761491193,-0.08749811814952557,-0.8884339148752562,-0.807533096221973,-0.48015491444981195,-0.7303682873566593,-0.8605118375634697,-0.39130759356590317,0.11504774642568183
2024-09-24,-0.5245444708721542,-0.46945356852425935,-0.5041484814812291,-0.4855268410416935,0.7261802401626334,0.7580479496340755,-0.8976707465833164,-1.0125602341842048,-0.7982882719533022,-0.6655509950713108,-0.8976707465833164,-0.18490222526135236,-0.3673783524148616,0.6811367118615639,0.20882548175797377,-0.4405752730058208,0.7699200377590698,0.7580479496340755,0.07978589056511809,0.31461694294554765,0.46236322745126257,-0.2976940956821552,0.828408648030567,-0.584624768689726,-0.7303886533248084,-0.3184220621930901,0.3996771480406225
2024-09-25,-0.5137020527220507,-0.5419037963831856,-0.5101034951033123,-0.487143348105877,-0.4354860039867472,-0.12428811080007596,-0.8781609571876556,-1.0128156560361412,-0.7384237684295178,-0.688979605094498,-0.8781609571876556,-0.12310182090433364,-0.3230383650670985,0.6208442617727659,-0.40774790819382245,-0.5169690559738986,-0.498226488839821,-0.12428811080007607,0.1929223992198379,0.2788293407552147,-0.6823790876382476,-0.33945812204751435,-0.33674658030732985,-0.358715001685993,-0.8372782175217992,-0.25489906078262803,0.37256370688901175
2024-09-26,-0.1830237107667485,-0.17529157366253934,-0.19555756475999553,-0.1153640829184055,1.0,1.2322162099270377,-0.8385467117145042,-1.0057115236052214,-0.5721582057945713,-0.7799102120988708,-0.8385467117145042,0.03406407059826666,-0.2626784795569911,0.8504298196468647,-0.04491334968199967,-0.13040167856688534,0.589180576644796,1.340975870633915,0.6722610346135671,0.7316445510318212,0.8859255026905823,0.2869151632190041,-0.48911963342406795,-0.14738844115463223,-0.4655046675588719,-0.12909735794290123,0.6512645963342232
2024-09-27,-0.031237171235342087,0.16353838496843398,0.01937248194318597,0.23971155148797574,1.0,1.1698112609374882,-0.7753451796699764,-0.9885154735730801,-0.3325341069834411,-0.9001187293570214,-0.7753451796699764,0.2591428456459126,-0.18270143773887737,1.0010369022987322,0.9353961561005455,0.22687121190820303,0.3663944857639958,1.1698112609374878,1.3077443863630278,1.0061257608079743,0.6913148853117457,0.7475539776063445,-0.8207463800654,-1.0,1.2957660400461872,0.045133836276253225,0.8022617446562197
2024-09-30,0.2284259689833228,0.18260423811026572,0.17799811628911688,0.14595827499741243,1.0,-0.4350099955894463,-0.7177502442545016,-0.9717231892818146,-0.18249871503646808,-0.9433989899756099,-0.7177502442545016,0.4001754006446865,-0.09220498011158718,0.8503442552113947,-0.29346504152560393,0.24697484291202043,0.15839738499082068,-0.4350099955894463,1.099203584771188,0.8444329521351484,-0.513529912001552,0.6377580208264737,-0.3546760357147938,-0.788667946237378,-0.2796179488965995,0.1762300025467196,0.7712725117650978
2024-10-01,0.15144870637872332,0.26976319236346735,0.20181937933440208,0.3383135225246743,0.6748191267204764,0.5443824803916852,-0.6538407901649188,-0.950134676190021,-0.007024084472398107,-1.0001422550856167,-0.6538407901649188,0.559611036254021,0.009952822442164111,1.0232636530034585,0.23114774001674454,0.33887796636263023,-0.15387294012597186,0.5443824803916852,1.0018973175960721,1.0002803303382786,-0.1386250862907712,0.700989272179843,-0.7131901008776248,-1.0,0.5801043511829076,0.32196886652234213,0.7430540405415074
2024-10-02,0.3411816053153034,0.40540409118640275,0.3793935220926141,0.4778650770123847,0.5610689789858794,0.34531637977765683,-0.579567666648416,-0.9252597081659242,0.17185665986519338,-1.0417957140087897,-0.579567666648416,0.7158022197058789,0.12681219530126975,1.0437674323993043,-0.16035724001117002,0.4819019663209363,-0.3047288820304953,0.3453163797776566,1.2238039750333072,1.283487679499288,-0.4076400468742969,0.6421377158230177,-0.8028169269660693,-0.8396787556555956,0.157215340230906,0.46928965903769093,0.6667309124921683
2024-10-03,0.3650343491355381,0.4560656490619386,0.3555732417168389,0.5339017841803031,0.283569584203448,0.06335406285899059,-0.505832516967939,-0.898650168617444,0.33586335792028876,-1.0699798512078023,-0.505832516967939,0.8426094796189529,0.2532223369490294,1.0485453466757728,0.41063831379845683,0.5353210951703917,-0.5122070725146433,0.06335406285899059,0.651308107189134,1.2310864358547011,-0.015565440403312092,0.7567745762626241,-0.9014084557213619,-0.19839927493179155,0.43604380140943855,0.6020923525038806,0.7117740447758081
2024-10-04,0.5970511927414566,0.6412781396878033,0.6035279039895287,0.6615996424026809,0.44055269654632756,0.291037895553528,-0.4256129872899107,-0.8658629471674505,0.5037343082844876,-1.0904032149518592,-0.4256129872899107,0.9664548850176091,0.3906908334294503,1.0499907665496475,-0.1401422572226756,0.7306149297101572,-0.4678701920494669,0.29103789555352777,0.280374085092683,1.4338078583378935,-0.24737724994312837,0.7581919322459716,0.021760730346199963,-0.4170146028671323,-0.451563781953498,0.7340266794784851,0.6740493958719738
2024-10-07,0.7732317536243265,0.7077364868991007,0.7031427867981839,0.7133253885173052,0.04192191616934848,0.043994575329790786,-0.3415424711626215,-0.8312094386427655,0.6561104092898646,-1.088965944177937,-0.3415424711626215,1.0637698917795206,0.5360691664677166,1.05391262326726,-0.4210658963276559,0.8006906865892505,-0.7192548166873258,0.043994575329790786,0.4909663508995512,1.454029414058446,-0.5307026040744561,0.6397225561723658,-0.7221548408972549,-0.1838216077089334,-0.5026827637569964,0.8512522599451027,0.5970197451435464
2024-10-08,0.5021842240166037,0.5459477819298946,0.41999776702281144,0.523125208193483,0.5440218344045649,-0.708048112156008,-0.2680055726712832,-0.8026726482206323,0.7497406403980418,-1.0492544319973869,-0.2680055726712832,1.0665902839107524,0.6727764119957986,0.8036931338507172,0.5545554681448879,0.6300956232007626,-0.44199455988595737,-0.708048112156008,-0.04472608312418713,0.887863749250732,0.5653953759875332,1.0001225968973104,0.7567114518361526,0.7781003570102636,-0.8326300697651421,0.9150132787489513,0.8466704933078377
2024-10-09,0.5206155549321632,0.5470378026690457,0.5407273192179398,0.5915545850891974,-0.015853844460622657,0.10164159823520591,-0.18645517300765935,-0.7736284901898658,0.8336732632221504,-0.9859167465239098,-0.18645517300765935,1.0729565813581305,0.8034282924231024,0.8973466724254393,-0.35592809063575503,0.6312449751108706,-0.759026404361886,0.10164159823520569,-0.14293598388475914,0.972247296510353,-0.5163923464086011,0.8554415185262896,-0.3636407290708873,-0.5992024057201741,-0.400441288982582,0.9762757080662678,0.7468826508121551
2024-10-10,0.5574779540789259,0.5524850595901454,0.5694206244596216,0.5673078057728613,-0.4628580943840642,-0.19480558635322076,-0.1073682838474852,-0.7451937871963377,0.8972763358763758,-0.9072366094541894,-0.1073682838474852,1.0542172196970463,0.9148650976840074,0.8505514004434958,-0.5375693635849226,0.6369887329333048,-0.9538583038445104,-0.19480558635322076,-0.24720551263922586,0.43557581623270636,-0.6394527777287766,0.6780613503602964,0.1293169887436545,-0.4898919572608069,-0.9255716724025163,1.0198364634723394,0.6593191736789863
2024-10-11,0.5981351584247052,0.6309282604404065,0.6176040140105352,0.623883073080036,-0.30640221331689543,0.06216640176732002,-0.02669568927375654,-0.7157772397580413,0.9543592743968332,-0.8194193557300616,-0.02669568927375654,1.040275669341446,1.0001924295987878,0.8944345331463697,-0.3219316273643179,0.7197016937916862,-0.8161898936510349,0.06216640176732002,-0.33717765062346283,0.07620332157333376,-0.47918631120664523,0.5920403744764329,0.4788663632044532,-0.5919135609447893,-0.7861557104841547,1.061271766053693,0.5970084507687108
2024-10-14,0.5515152445403546,0.5579323627530761,0.5439753727069341,0.5807780091023773,-0.47208464170900255,-0.25380087828903997,0.04548205797327465,-0.6819928363553367,0.9980332835793113,-0.7336750051648091,0.04548205797327465,1.0003388395452761,1.065751504061836,0.8369826759869907,-0.3047717782535755,0.6427325395145698,-0.8624169001827307,-0.25380087828903997,-0.45436313885321533,0.13666921086274186,-0.476326383999517,0.5186971085012833,-0.005126657278717528,-0.22754353583798415,-0.7582774869214989,1.0846163441017649,0.5700534983279877
2024-10-15,0.5021844804148574,0.42991792500203196,0.36206972897085277,0.32592126612008565,0.4103247700722439,-0.9273589504997317,0.10287882908519874,-0.6519531937633953,1.000019865822431,-0.6337368004524355,0.10287882908519874,0.8769457783663219,1.1004156815831503,0.49384778867611545,0.11952629253025271,0.507750118294636,-0.24982090047248262,-0.9273589504997317,-0.542943575658134,-0.33317684205946085,0.16759347772203603,0.7271726979479163,-0.8117816398417501,-0.8323898931375824,0.5150445566956168,1.0587087526486,0.7617729937231266
2024-10-16,0.36069753043427477,0.3694513323100477,0.39671832282868036,0.3808796130398695,-0.6755519781937145,0.06491883968863643,0.1601906260926076,-0.6162699784182646,1.0003643599673389,-0.5323569902181557,0.1601906260926076,0.7825455536076915,1.1077064142628958,0.5176482098490798,-0.5775588141136865,0.4439922545108923,-0.9451743003184242,0.06491883968863643,-0.5569284772425853,-0.41645044846511337,-0.5707689700365544,0.5959121998834194,0.21894379495211247,-0.8105289166912579,-0.8465709509412789,1.0402477838157909,0.6710096243930272
2024-10-17,0.3227510096459747,0.2496080034274153,0.25270983273940795,0.259647369751018,-0.13267950797019912,-0.5172246672166176,0.21458584770086708,-0.5871865364456853,0.9691365583406766,-0.40553616436477513,0.21458584770086708,0.6590631671580951,1.0876566651677457,0.2191977448573259,-0.37661788456196044,0.31762570567603166,-0.5131082011144688,-0.5172246672166176,-0.6815138945274313,-0.588888104846855,-0.31606233263108774,0.5897601733730311,-0.8117816434690636,-0.2566989224497612,-0.4515602529798297,1.0002396393124613,0.7058864233959354
2024-10-18,0.3455188228672168,0.3541984817998667,0.37181450693752827,0.33777496238541826,-0.42419446749860834,0.145274164231477,0.26912267109525523,-0.5542801316834836,0.9366521510987476,-0.27724543950986624,0.26912267109525523,0.5740288228645611,1.0447898596238079,0.019863557073062976,-0.4992103117261958,0.4279091725668549,-0.68418040074926,0.14527416423147654,-0.650435865383038,-0.6302584359701928,-0.29889022466894577,0.5916831956338819,0.5326410262723851,-0.8032400744592137,-0.9302198185411398,0.9735416166362973,0.6820873893838288
2024-10-21,0.28968292417847064,0.22073643880395588,0.2884408495700135,0.2801221614765237,-0.6859208599493594,-0.30935370261707096,0.32196051199146525,-0.5251686268484614,0.8752602541139936,-0.12393697336215459,0.32196051199146525,0.4793402264855522,0.9809494697200041,0.05543574233619708,-0.8780419645843139,0.2871826262410282,-0.8614628964337347,-0.30935370261707085,-0.6716794085696287,-0.7311107834030739,-0.7338919201337679,0.40957266974062256,-0.7400774707315613,-0.46073660273569295,-0.9116307910952519,0.9368903459226094,0.5974099483219719
2024-10-22,0.27341987842657467,0.26649462571415783,0.3041410664773785,0.3356194818587712,-0.8047236407428513,0.0683078145571061,0.3762991059181118,-0.49202467874755706,0.7910639971901712,0.05414944909013508,0.3762991059181118,0.41212211302406554,0.9094583978422282,-0.07165674926211318,-0.6410132663349535,0.3354314876060658,-0.8966813065724926,0.06830781455710588,-0.27707529289778476,-0.5043870627749035,-0.7396177593474175,0.24932452595930865,-0.7221548457865037,-0.7376571485143355,-0.4887383412063845,0.9097232506099313,0.491184259763348
2024-10-23,0.2902247223383525,0.22999697115485396,0.27761329582604843,0.24294415229313504,-0.6819666253815286,-0.42575200521845413,0.41458248140566756,-0.4602352592555655,0.7169370907272539,0.1939771960902923,0.41458248140566756,0.32272726251303574,0.8275068216705339,-0.3166562002895936,-0.7202252723695408,0.2969472207701289,-0.7286997942693534,-0.42575200521845424,-0.4715753549807188,-0.6581197756193735,-0.6881041903411196,0.13220597319165672,-0.596669107727464,-0.8178177721895816,-0.586331631817391,0.8674490055138795,0.4507495443373224
2024-10-24,0.3119088416556115,0.25342117117492746,0.2548754099592947,0.2547982618816751,-0.5875043551500171,-0.07788228756261817,0.4535737789382783,-0.4285109098270876,0.6016054332697511,0.37501958304833893,0.4535737789382783,0.24834451827925896,0.739477020093871,-0.3733407193563316,-0.36178745199333606,0.3216464288391325,-0.61937279150753,-0.07788228756261828,-0.2965055875362753,-0.6244816103479699,-0.5478730922090914,0.08994729742466867,-0.5697817306387379,-0.351431685803991,-0.5026827482328571,0.8288143530554015,0.4234795479932061
2024-10-25,0.2593255622821107,0.25178702546618603,0.3025172468336066,0.259647369751018,-0.9388161285319553,-0.10159469719584135,0.473281776080285,-0.39645602643024613,0.5528889809406756,0.457238993869715,0.473281776080285,0.18446892748192112,0.6459926552043258,-0.5535289534979735,-0.7419792716715706,0.3199233345673671,-0.9548531533206832,-0.10159469719584135,-0.3936621330220118,-0.6712275351608105,-0.8083019576293284,-0.05670145575310093,0.27272534687032346,-0.9271282174575307,-0.9952796521739685,0.7923745035193965,0.3389283540376762
2024-10-28,0.2826357952660319,0.2506974333000933,0.32363139274168073,0.2935927781292471,-0.9547648746222058,-0.0035808387123880125,0.4761133990963158,-0.36633973695468114,0.5507462549069122,0.464342311532737,0.4761133990963158,0.13828488904202052,0.5518258741759181,-0.5828023587438709,-0.9200747282682187,0.31877443455807697,-0.9437805953205068,-0.0035808387123880125,-0.27190281734086175,-0.5991858752607109,-0.842644496240519,-0.19830589035811552,-0.28297864950716345,-0.8761174108045731,-0.9302162699695898,0.7625580900151956,0.2505079912456749
2024-10-29,0.33196640287422574,0.33186419136074763,0.3555731335259349,0.3140671565315456,-0.5909752943817796,-0.04940699543097027,0.4849480342340893,-0.33591805929912044,0.5391321302443122,0.491284328526274,0.4849480342340893,0.10244553833963077,0.4672230549829133,-0.3692653986529745,-0.5434973282711291,0.4043591991992852,-0.38354716736982386,-0.04940699543097027,-0.318589598297111,-0.33265907197424416,-0.5965256557507229,-0.21705078750072215,0.3892394863281401,-0.9052672408716593,-0.8419228115316,0.7364566381209132,0.23517633708034635
2024-10-30,0.27125163532922114,0.23326545823741673,0.3030586623931668,0.28658777641004995,-0.8339849765447986,-0.20958369818450817,0.4822296883026813,-0.30691412030011256,0.5402517544276741,0.48537420071633375,0.4822296883026813,0.0607289553462409,0.388375152816842,-0.5261948602191557,-0.8933423822307325,0.30039361562903055,-0.6933326149887482,-0.20958369818450817,-0.23100943584409384,-0.4154618397573292,-0.9084690957247179,-0.36508452919839174,-0.45326756644535404,-0.7522348314286437,-0.8930417577087458,0.706139545198317,0.15796891586974504
2024-10-31,0.2566149871518266,0.17334354517902573,0.19694679959011663,0.1535014235326584,-0.5878558426671576,-0.5640543094518833,0.4651833876890723,-0.28041440300034626,0.5440385027387593,0.4514491520719164,0.4651833876890723,-0.01680854980515012,0.3145460566942424,-0.6248541076099556,-0.5226571272071079,0.23721007906199199,-0.2829551766089681,-0.5640543094518833,-0.42652600109576866,-0.4298377571577201,-0.522115985901058,-0.3301560827709229,-0.9731126419816876,-0.9417059136367754,-0.10302396316137419,0.6557300234974028,0.20798995441862034
2024-11-01,0.20782636971543988,0.14774058362092957,0.16933602455741892,0.13518211233379973,-0.657977602336689,-0.18093314429386054,0.44422945122319235,-0.2561406673203639,0.5391456769881517,0.41900604888768744,0.44422945122319235,-0.0870867558609042,0.24232885277102367,-0.7503889586724611,-0.49712114441149224,0.21021351678177758,-0.34743555117935077,-0.18093314429386054,-0.457603622978219,-0.5260429648649808,-0.6509005549803226,-0.3542929652974667,-0.5877112194819758,-0.8178177747853903,-0.36326682788732945,0.6061308173353017,0.19825064119670888
2024-11-04,0.13789632140313524,0.10143778688737348,0.16933629518512783,0.13356601859282358,-0.43785854472744556,-0.12352319835127168,0.4164796716501895,-0.23154891974609526,0.5066573139802126,0.40126278961287,0.4164796716501895,-0.14586410774524172,0.17403442687673643,-0.7193007896095933,-0.858183602501863,0.16139040181013153,-0.0670857134895626,-0.12352319835127179,-0.5041207498432515,-0.4708377836423743,-0.8941588788521668,-0.47798204753360696,-0.19334502278157528,-0.8396787438515798,-0.9488088485481736,0.560048501519461,0.12669775018572849
2024-11-05,-0.0897832320512475,-0.0990274183754235,-0.34010790856722395,-0.34759096697175185,1.0,-1.4896714642616031,0.3607252770762266,-0.21916028910178764,0.5396096321893695,0.2703574290636541,0.3607252770762266,-0.3388666865001694,0.0919998885531188,-0.8626000277385234,1.7990290940462086,-0.04998637140467466,1.3143383483595517,-1.7786799465617387,-1.1719993288574313,-1.013671710149267,1.5040868112149641,0.4280185146065325,0.2727185610087819,-0.4898863817489595,1.2492953797171364,0.44130642841811496,0.8238378765763621
2024-11-06,-0.357036259072565,-0.39318884589450975,-0.39370509716603286,-0.42302451894024895,0.6805747348136524,-0.4051197092051516,0.3110022193255104,-0.2084543934739097,0.588234193698687,0.1349580202231766,0.3110022193255104,-0.5130782478865219,0.0007003655543733611,-1.000272173598125,-0.15950771429331012,-0.36015936761981815,0.6204199846263014,-0.4051197092051517,-1.2408230414388084,-1.008077154771744,-0.5163923491992887,0.35961797936195405,-0.14853501040285177,-0.7886679341041538,-0.39114854846101366,0.3234784174440779,0.809172228189502
2024-11-07,-0.3445685414995945,-0.3114776348195867,-0.33848372831921403,-0.3233450143018305,-0.12187126681812854,0.2677560673565327,0.26292145122716826,-0.19503228515730286,0.5810879608981259,0.056556919655440074,0.26292145122716826,-0.6180324099835658,-0.09393863754301046,-0.7565497321355519,0.06959941559908711,-0.2740005147163984,-0.24513879989425313,0.2677560673565327,-0.9453637149300972,-0.9160757532790862,-0.17010785303811105,0.44663390188859653,0.7298240896387351,-0.395159218464989,-0.8744527289421327,0.23495680777536365,0.8263012897299196
2024-11-08,-0.4161251887613978,-0.4667294209530839,-0.45488190377592463,-0.47798327918324013,0.38717052988061296,-0.7036101453119383,0.20798821234009046,-0.18310741847082102,0.5846742820562456,-0.04441345749904124,0.20798821234009046,-0.7438473800653924,-0.1953436115668229,-0.9730548137856132,-0.25177899778900514,-0.4377028467281475,0.054619201783159266,-0.7036101453119383,-1.1357183455486681,-1.0796433482292058,-0.3160619480100133,0.4603858109368,-0.38156340457452664,-0.7085073250627504,-0.4236820552221058,0.13126117018708539,0.8975516275411861
2024-11-11,-0.4470244859516773,-0.3648622148026014,-0.39587092129829105,-0.3605226101620117,-0.31923150769252395,0.3420584387151373,0.15625468726022773,-0.16861207083110785,0.5428786904737024,-0.09569609958860892,0.15625468726022773,-0.802918177627724,-0.29815627547331536,-0.7469943086421625,0.14204141413370563,-0.33029088311945587,-0.5992660720116134,0.3420584387151373,-0.9716886019219115,-0.9894052378968401,-0.1586583074411273,0.5388031642012492,0.4699015569340168,-1.0,-0.31679245851095283,0.0588740226048281,0.900155142802848
2024-11-12,-0.4031146474793418,-0.4667294608852458,-0.4202332726488266,-0.41332630320156327,0.28879796102091304,-0.3195265492376912,0.10401146960305274,-0.15719068909717304,0.5008866519417337,-0.1476928123507837,0.10401146960305274,-0.8601180886822932,-0.40330226806318503,-0.8632350608153921,-0.5687941398450856,-0.4377028888338662,-0.19335648581612797,-0.3195265492376913,-0.39001210517433205,-1.0614729742263105,-0.6966885141475092,0.3794608013378471,-0.5966759513338532,-0.30042092195258674,-0.869804589371612,-0.01368419220077488,0.8182725918538538
2024-11-13,-0.418293459608544,-0.4912425297275118,-0.41211220382257663,-0.3971616458829367,-0.35235920618301686,-0.05553057660598659,0.06601125424496024,-0.1439540741668709,0.4878621534022771,-0.20250305098247634,0.06601125424496024,-0.8945036037154572,-0.5076474487422549,-0.7893890055292526,-0.8611835307100445,-0.4635502341957607,-0.7105530568538869,-0.0555305766059867,-0.24997041931872255,-1.020627040658045,-0.9342248610067535,0.14101102580193858,-1.0,-0.39515921144187394,-0.8790973258630167,-0.0748067595031302,0.6573306684417488
2024-11-14,-0.316379323336358,0.020815570917300574,-0.2962556475403284,0.002635146242079056,1.0,1.2322162099270377,0.04613335233671689,-0.12251579547195213,0.4513204911623758,-0.2023450446906786,0.04613335233671689,-0.795498351898128,-0.5927079162918045,-0.28547085835018626,2.6213882897299876,0.07637981935598104,0.10554042950802889,1.4203848413324494,0.20354692546336017,-0.47904060265084314,1.4382617956399146,0.9366697843838734,0.7746340900245072,-0.5846247322382309,1.6954213333141985,-0.06207737410709646,1.000171716119031
2024-11-15,0.009990872159835629,-0.052632423881302404,-0.1299905824056583,-0.11784278219324773,0.25545058283220734,-0.5446211475289638,0.02629509197774249,-0.10414618722778335,0.4267464976048876,-0.21372231714888157,0.02629509197774249,-0.7492424619611827,-0.6650387389121921,-0.37171276872637804,0.37173828213677274,-0.0010660402348343645,-0.44883909697285074,-0.544621147528964,0.27382709038355535,-0.5872640304171757,-0.12128576661377022,0.9673715551932967,-0.6135622065157488,-0.2108606531690066,0.12307395832593593,-0.07118447808363715,1.0680970035315398
2024-11-18,-0.13731193919817763,-0.16733602984964502,-0.11913394970520874,-0.13296999826127343,-0.6429515109789323,-0.17283677680702658,0.001556006616483474,-0.08561857927456851,0.3881245077591229,-0.22017428157578178,0.001556006616483474,-0.7132267979844726,-0.7270148115051616,-0.41478990312973973,-0.6445352624230132,-0.12201310470872306,-1.0051384995854311,-0.17283677680702658,0.05727999517149551,-0.6015908870737148,-0.7812841198551479,0.7151472498132967,-0.06535960307150412,-0.5615880163275203,-1.0092205388593196,-0.08181367528850791,0.9198235604635956
2024-11-19,-0.18840594797503973,-0.17880625086389645,-0.17993228971832242,-0.09028941721762562,-0.536275049526788,0.037401005252931885,-0.01791025309987082,-0.06629316680786179,0.35587626409914797,-0.22344925249397918,-0.01791025309987082,-0.6682969637497371,-0.7630002492654986,-0.39263761793774143,-0.20890466944747832,-0.13410766397587726,-0.879496111916495,0.037401005252931885,0.20864343557944176,-0.02143714722654666,-0.5201527557016952,0.6068742071659616,-0.9640515006167324,-0.4300638530156452,-0.203099939305603,-0.08415747876539903,0.8373797224639286
2024-11-20,-0.10578561099007333,-0.1362020326015696,-0.08873477925055762,-0.09191005751388315,-0.6234439537776341,-0.12379463893706588,-0.04037823609106528,-0.044940621631489264,0.31139470314107687,-0.22018827495540405,-0.04037823609106528,-0.6301894922305208,-0.7757929392075464,-0.3764644644389197,-0.6447723204378729,-0.0891844456556492,-0.8867483619638482,-0.12379463893706599,0.17954376059646648,0.07070558152359596,-0.7784139274786777,0.4039287980865953,-0.23611323257179118,-0.546971109570406,-0.925346738611609,-0.08662209889615724,0.7145659898983812
2024-11-21,-0.10741631082951231,-0.1449412510766349,-0.12836210598049902,-0.06381689242938249,-0.7128975268898934,-0.016545910966720756,-0.05649946585521215,-0.023453728423327935,0.28045787854853566,-0.21879841439174352,-0.05649946585521215,-0.5889446173555697,-0.7726155234583336,-0.2569052274265463,-0.3810560418883795,-0.09839935055277027,-0.9305554694672964,-0.016545910966720756,-0.3840514005602479,-0.020405993115608423,-0.6148488908491433,0.2971448419968874,-0.8472171646570741,-0.03549139515242827,-0.6690682572182485,-0.08426466053056547,0.6402767550438435
2024-11-22,-0.07208507014480536,-0.11271496191033326,-0.044221653520267634,-0.08812815016607478,-0.7096902032959863,-0.20519994923452523,-0.07452129612318859,-0.0032139199563189225,0.24410165494266312,-0.21552618125772893,-0.07452129612318859,-0.5614377626057828,-0.7526899416606202,-0.26137894919846927,-0.8289163733171666,-0.0644189447874397,-0.8752221739666456,-0.20519994923452534,-0.24687383298442211,0.14570129492964923,-0.8903267332702316,0.08821636943197086,-0.2451020544160173,-0.9634633431893866,-0.8368122913473165,-0.0863982494110408,0.5214030927073245
2024-11-25,-0.07806425144260731,-0.03515361054391519,-0.027393341498041957,0.028567457598236423,-0.07920946942519924,0.3029376565951978,-0.08666525123673141,0.016980577304326117,0.2125390678581609,-0.20647083595006066,-0.08666525123673141,-0.5026929530748868,-0.7198947285963251,-0.1534442308284767,-0.3181874162019772,0.01736416643388594,-0.3463679898291262,0.3029376565951978,-0.054939825942044496,0.1330543483001727,-0.4971982412529108,0.0732318089789783,-0.5776136928363783,-1.0,-0.12389031731947053,-0.06911162309846752,0.477342356156534
2024-11-26,0.004555581890200999,-0.0815812177215306,-0.023050942004682717,-0.05733350459793762,-0.6273103164661796,-0.4206037562984627,-0.10510749914092754,0.03441344902966681,0.16466322841326653,-0.19277360361727214,-0.10510749914092754,-0.4809407371866129,-0.6784751508443985,0.23314036182483933,-0.756318914599805,-0.0315905525679665,-0.7610376827071015,-0.4206037562984627,-0.24243953345625835,0.09922161685833686,-0.7296317554016287,-0.0379520541856313,-1.0,-0.8319391861983109,-0.44540359443599997,-0.06850843654929473,0.43576996695007497
2024-11-27,-0.04490734560406806,-0.02040561296009402,-0.02739319517192329,-0.06759838645398342,-0.7902687166004478,-0.15473942877162705,-0.12516518905097918,0.050202656235945,0.10621479502039644,-0.1716906101660114,-0.12516518905097918,-0.46572153734766175,-0.631636983779573,0.31970471809819934,-0.20215147785924203,0.032914915685164914,-0.8884973178990141,-0.15473942877162716,-0.25489637909658325,0.06669340448905903,-0.4943276922555804,-0.03490142426271747,0.8243435876555998,-0.9123209417816646,-0.7808952345546637,-0.06989777741641445,0.44059189236130214
2024-11-29,-0.09219683656274047,0.026568047804973016,-0.043135898276475126,0.07881144001429341,-0.805250872018562,0.4079186188106245,-0.1360844700881736,0.07120869976669986,0.06537028299980263,-0.15146064379218238,-0.1360844700881736,-0.4087776345254137,-0.589393403675653,0.35537771767797577,0.3392553812078951,0.0824454106435808,-0.7827456646070587,0.4079186188106243,-0.08534782104573146,-0.23821493924593928,-0.1643274543053005,0.10715915676263177,-0.3978712031109295,-0.9780802365075631,0.43060887082015253,-0.04717867180731594,0.4827265282884263
2024-12-02,0.1366387255353081,0.16038866254535056,0.15445834705772743,0.17497769738972058,-0.1274511311527341,0.21753913830445315,-0.13495582630734215,0.09272459092725249,0.06955627763003736,-0.15351695104650076,-0.13495582630734215,-0.33486999151545704,-0.5441292741326198,0.6516043084997329,-0.2619159411613452,0.22355004621542895,0.07188567195001894,0.21753913830445315,0.08936038865843021,0.003905734472287925,-0.35658847269110494,0.14905293991630497,0.2042438477138322,-0.5615880180736885,-0.7016820976587297,-0.011998650973774394,0.47944819316592024
2024-12-03,0.1165273292137643,0.053878507962596744,0.06380406994648902,0.04531572728572697,-0.08347125557052792,-0.5619131224124464,-0.13967857929817196,0.11167470707637484,0.05510514804785638,-0.14788467239255232,-0.13967857929817196,-0.31628284055782285,-0.5007689546332155,0.37466599597968586,-0.3812772777739024,0.11124241277451064,0.025636810092802165,-0.5619131224124465,-0.2663860107909035,-0.1224157075365444,-0.41111121684552576,0.1623264135592135,-0.6225441781246697,-0.6127359741206444,-0.37085108130659383,-0.003212016667633266,0.5251713612852706
2024-12-04,0.03553801436914372,0.039676931703944485,0.0529469318691731,0.10096225734584974,-0.5610988554248364,0.0774655097849899,-0.14139200652526096,0.13133073482361435,0.04930845746989099,-0.14530423675144777,-0.14139200652526096,-0.28564044317111636,-0.458969328564124,0.4919615507650692,-0.39190622361328187,0.09626782723392946,-0.5157959707839586,0.0774655097849899,-0.06316665026158208,-0.10984241919118143,-0.6033703636869746,0.09260549432796217,-0.5506540393098516,-0.5542795589461542,-0.4733603497827191,0.013041851605406052,0.4677959142059409
2024-12-05,0.10239528022817646,0.07026452162172747,0.12460211560162793,0.07989228020167238,-0.8248902370387879,-0.1911338205514722,-0.11892645633051502,0.14523494299223216,0.06983503073177566,-0.12533921113768043,-0.11892645633051502,-0.26892415289416716,-0.41950637606262486,0.4493817859341134,-0.7420643118598611,0.12852033733294066,-0.8016879953306952,-0.1911338205514722,-0.07821032460253452,-0.13121439336539986,-0.8214578190636146,-0.059955701732164024,-0.11928574278756121,-0.9634633437135776,-0.7902165277380077,0.023156414633342726,0.3842076065218889
2024-12-06,0.12902932593508942,0.07244947502765098,0.12188822523508036,0.07827163990541486,-0.970450005074601,-0.12359950870967085,-0.09258181219897132,0.15913904952063862,0.07836622232679313,-0.08685727197518356,-0.09258181219897132,-0.2574725669356718,-0.38329790445744794,0.04979121790631247,-0.7057814624866546,0.1308242204430461,-0.9560138077302082,-0.12359950870967074,-0.29072763085520326,-0.1648592678180627,-0.7956327890176531,-0.18126498705792948,-0.5236943646576159,-0.9488520253236444,-0.5479164047585552,0.031090506732794676,0.31333780243799625
2024-12-09,0.21817189207727128,0.2761851248436,0.20060005330194808,0.16309217523741726,-0.23922416160341575,0.17798972663814605,-0.06701805228453583,0.16598656074512452,0.10377078918806037,-0.06612413950084872,-0.06701805228453583,-0.22433607088366192,-0.34647447690958855,0.39026381037255997,0.2711444346643812,0.3456494525348779,-0.14981970663715127,0.17798972663814583,-0.30624305750147207,-0.04387499690965835,0.25462825083927787,0.15730885833268027,1.354575339292826,-0.8611673957753584,-0.5152990193663262,0.051165621671285466,0.487614363813371
2024-12-10,0.09315438762499917,0.10030593892031647,0.0893171377486408,0.10960608558243057,-0.7945744386854191,-0.3015047381042725,-0.036138436638014415,0.16278714032607766,0.09286536667411838,-0.0007451443893762288,-0.036138436638014415,-0.21609210939630075,-0.3151675281119143,0.31064035978984816,-0.2078173719105577,0.16019694596460154,-0.7224213034206529,-0.3015047381042726,-0.19972548641723586,-0.23340575809089903,-0.4771088703730041,0.14159921393214914,0.30310737521229125,-0.2693114973159323,-0.8927293501801239,0.0591909053974109,0.4939469087056081
2024-12-11,0.12304990706928276,0.05824764657411996,0.1153736739525395,0.1236528747862844,-0.8389936736640509,-0.0692374124551437,-0.010693536207195042,0.1622386287597588,0.09244891968730373,0.04481694007414183,-0.010693536207195042,-0.2071788147447291,-0.28526304360783994,0.27685757388661125,-0.7668013392333339,0.11584936898030862,-0.7587531213659372,-0.0692374124551437,-0.2584683829365403,-0.12247984479485718,-0.8358065327577043,-0.02355644442449023,-0.6584995481890056,-0.24739174193813096,-0.9905815222590876,0.06771262853961457,0.39363951642496775
2024-12-12,0.08608862684972962,0.04404687676274932,0.07248944753786013,0.029648297785615396,-0.729153824557642,-0.44303287621963183,0.012586131941853207,0.1546482495561905,0.06026368670654181,0.11734402951469058,0.012586131941853207,-0.23026788481457727,-0.2595431770873303,0.10868546839873994,-0.5264394211298735,0.10087563378292752,-0.6257594821695858,-0.44303287621963194,-0.36002804622554796,-0.2139321028553447,-0.6837177800701191,-0.10243772110585625,-0.28104369517491845,-0.9415435787044826,-0.4966599920550133,0.05913585539915278,0.3727672000209259
2024-12-13,-0.005772066679656462,0.046777538314774825,0.03231914442300976,0.08691546814199569,-0.6402714186607359,0.0837806103360541,0.038025862680220346,0.14503441701862085,0.015355910050290689,0.20604235297089923,0.038025862680220346,-0.23277168591080788,-0.2403171024162345,0.14482826282295824,-0.15261523065049354,0.1037549286054491,-0.533032779828964,0.0837806103360541,-0.2779192707562892,-0.31197736673250653,-0.45702417766073666,-0.0750292167487916,-0.20016473015341907,-0.8319447612871134,-0.2403779599996898,0.06025821846543278,0.37345831978151556
2024-12-16,0.014339522403896243,-0.04334686103465124,-0.1397616288974164,-0.1751099525496279,-0.0575490511814154,-1.0305995627565978,0.028684814896059452,0.1275991262562428,0.024326073549156613,0.18076556033933877,0.028684814896059452,-0.31493558651188147,-0.23813956033802997,-0.16839840457571364,0.5281021197422726,0.008724947230722924,0.1733102768269028,-1.0305995627565978,-0.7539476435603315,-0.6867280248529605,0.19723610906978362,0.22513314004646645,-0.5326832143664235,-0.8538645255282113,0.6542735367546975,0.018060049159766223,0.6334099903369188
2024-12-17,-0.1797087657662112,-0.10561445417929138,-0.14193297758901569,-0.05193095695387184,-0.5223473566600954,0.33429704574596797,0.032148682610486645,0.11005271225044155,0.02143359193805061,0.18971802633461565,0.032148682610486645,-0.34297869607398346,-0.2410556919551854,-0.1604998487389654,0.08916119293487124,-0.05693194767785725,-0.33625245028237094,0.33429704574596775,-0.5138949562056976,-0.42491441776278505,-0.33650301211497247,0.25978265466435935,-0.3978780454256211,-0.8246363132253981,0.05317857579789842,0.000807791866049179,0.6138141977721778
2024-12-18,-0.05577876938593307,-0.08813581107208668,-0.20815973952857358,-0.2280554154493215,-0.5005551305973838,-0.7485447207399051,0.02715165354150928,0.08690323927982524,0.03374591158560314,0.16890971164270785,0.02715165354150928,-0.41811803815436555,-0.2555269308732079,-0.24993380161661205,0.7565267225212549,-0.03850192050515766,-0.31698264020454014,-0.7485447207399052,-0.7761759852912644,-0.6696664026016141,0.10541008794572093,0.4765092717267354,-0.11029689740261017,-0.6492726259284066,0.5098256202524112,-0.04336114745765063,0.8086701358864778
2024-12-19,-0.1286145720524562,-0.21540184706804488,-0.25484408938928493,-0.24912539259349875,-0.6585487695520423,-0.1961587167313099,0.018804337942284866,0.06791284311481616,0.04957389444124849,0.13874617909843878,0.018804337942284866,-0.48276946290168443,-0.27888640213330007,-0.2598347716802062,0.10613759818815582,-0.17269520354098133,-0.5394085762517751,-0.1961587167313099,-0.6825252571440079,-0.6711084616896544,-0.3164139460697233,0.48612908790826337,-1.0,-0.305848111627368,0.0671605250783418,-0.0856224539273075,0.8227005610792064
2024-12-20,-0.2655901054643358,-0.2416199829005531,-0.21738784459269622,-0.21454883967755334,-0.25126260906547815,0.010968093626757991,0.012359295394447134,0.048089972960114524,0.05819197443234958,0.11895049276447711,0.012359295394447134,-0.5217680916346911,-0.30775682119070524,-0.40562953261547985,-0.40923796370922716,-0.20034042478881842,-0.14514496282446576,0.010968093626757991,-0.7097165870055331,-0.6326474432548268,-0.6521545852159185,0.3526243867660479,0.06944562869956394,-0.9634689173546518,-0.613151183010975,-0.1169472151820059,0.7263254892693709
2024-12-23,-0.21884463631406548,-0.28094713143391514,-0.233130418275862,-0.2599304878816303,-0.8448371536365118,-0.28593020948055625,0.0020529270124434174,0.027747375747039227,0.07054548145301931,0.08867950790919421,0.0020529270124434174,-0.5642186484794223,-0.3448840198319807,-0.5896914436028301,-0.6222200230835736,-0.24180819843973134,-0.7834509364506144,-0.28593020948055636,-0.4144610800316596,-0.7640166619896637,-0.7755459330137835,0.18479060840862283,-0.5866025299175721,-0.7442601285774905,-0.6131511922100241,-0.1517569240933777,0.6371154842389233
2024-12-24,-0.2639596680247921,-0.291871166749897,-0.2537587159285539,-0.22373329466942737,-1.1170642356618357,0.01731681607544111,-0.005073537476280476,0.0069036617983497806,0.07688677496682184,0.0698823816759655,-0.005073537476280476,-0.584408900136812,-0.38511724022671334,-0.41895186216741875,-0.5289051132119986,-0.2533268424485495,-1.1059545650864233,0.01731681607544111,-0.5358677633252832,-0.6736553979598413,-0.7238915113325635,0.06115734567868092,-0.6045733554882604,-0.45198360563603757,-0.706342727698104,-0.17604356065161608,0.5475087049312835
2024-12-26,-0.2161266050612295,-0.2552751918051587,-0.19730297288020815,-0.1950995028296335,-0.8859172572023087,-0.011754037849612153,-0.01682791933714456,-0.012175923652403164,0.0746130940681371,0.05122623871724796,-0.01682791933714456,-0.5891983587657472,-0.4268472859267515,-0.4639725747770801,-0.7124535435139074,-0.21473890352753888,-0.8037563713103918,-0.011754037849612264,-0.2410729598810908,-0.657284247351714,-0.8300661489610995,-0.09084756418754547,-0.4787570177850661,-0.5688908579926791,-0.8694332368450042,-0.1922915077439643,0.44390892706694984
2024-12-27,-0.23515106054667134,-0.28804777174371954,-0.21901691505692,-0.22913584231349315,-0.9440005694097777,-0.2434269275078198,-0.025856656877255912,-0.025825319810354963,0.07817988729120984,0.031743629325501344,-0.025856656877255912,-0.6006738031164077,-0.4673087129406781,-0.47626110780369324,-0.8046037374794326,-0.24929533534450155,-0.8620356166797405,-0.2434269275078199,-0.2601822054862022,-0.5990329410867659,-0.8817174048999734,-0.24440649380586477,-0.45179737734891445,-0.5323542189095337,-0.9999028077657529,-0.21184611473333315,0.3581076378975545
2024-12-30,-0.3036388217502022,-0.3912810103191381,-0.36992685843017914,-0.3831094834773864,-0.4636050053579879,-0.6896261867979425,-0.042437728612923165,-0.044612557520269935,0.09641947629418679,-0.015371381247994864,-0.042437728612923165,-0.6532488331513917,-0.5132396891035256,-0.6010650513784783,-0.36754998935807914,-0.35814768620499204,-0.24988103864834155,-0.6896261867979425,-0.5393918982833332,-0.8206322345932053,-0.26476182499743306,-0.11684286898888407,-1.0,-0.5688908733210076,-0.2776559970717929,-0.25418878981091386,0.4856511954378131
2024-12-31,-0.38354109989975194,-0.42678454504900976,-0.33572749935438095,-0.3652807869257241,-0.7129414628295361,-0.04955384613926572,-0.06577613141908067,-0.059980150964504375,0.09418089306638544,-0.05462025507463575,-0.06577613141908067,-0.6858689878317473,-0.5537587359193528,-0.7137774509883299,-0.976385680351027,-0.3955837220451369,-0.49215536643812674,-0.049553846139265834,-0.4473464895194038,-0.5338599852960688,-0.9878927326230459,-0.3117921316813469,-0.46977504694076744,-0.9561604720438066,-0.90204707689934,-0.28774140311538365,0.3544432530164341
2025-01-02,-0.36179892298891825,-0.39237361988963315,-0.45189563719381265,-0.4927819033013743,-0.5420306576199638,-0.605183651431628,-0.10086893780749862,-0.08040435510353172,0.08545134938958476,-0.10843560859583512,-0.10086893780749862,-0.7460953462631329,-0.5977933317878665,-0.7597204913241674,0.3713730485443729,-0.3592997678597216,-0.24600995455135832,-0.605183651431628,-0.6888449863533658,-0.8027031303751934,-0.20450334311241825,-0.14978608017872064,-0.056377581870338256,-0.9488520260425575,0.16966976228879993,-0.3378734473425262,0.49983232470486794
2025-01-03,-0.46126932421448097,-0.46720396175243173,-0.4996661063834138,-0.5187146279807389,-0.1886538950748251,-0.21983793865487877,-0.1305104555544111,-0.10004853160208982,0.08991717894684603,-0.16537250681147464,-0.1305104555544111,-0.796784440954299,-0.6391570958706824,-0.7984942149624321,0.1659593272539972,-0.43820321736749823,0.18529983218779678,-0.21983793865487888,-0.7668938525680362,-0.6501434873218939,-0.3451091943449106,-0.06878322915526236,0.35702670472114506,-0.6565755094263606,-0.45938198231644745,-0.3853718667756023,0.562404061027004
2025-01-06,-0.4748582515286659,-0.45300296632721493,-0.42963956906624556,-0.44902130871676216,-0.13698523005517038,0.15745921652949169,-0.15941377162904635,-0.11934361462963328,0.07028345963106175,-0.19762877577825955,-0.15941377162904635,-0.8107271938452373,-0.6749816794925148,-0.623463345811057,-0.3436617892955415,-0.42322924427583164,0.14328233324488138,0.15745921652949146,-0.6163272033471385,-0.5482425914649378,-0.4053725326667945,-0.02404048495815625,0.4918249716175995,-0.9196238200349083,-0.8414729454867373,-0.4141980670740464,0.5679182752729375
2025-01-07,-0.45529025542486445,-0.4917836121859035,-0.5490645398667405,-0.5657173298042808,-0.45692674253231813,-0.5720622024048939,-0.1933425283597514,-0.13922938991134048,0.05864683126289982,-0.24655909490261974,-0.1933425283597514,-0.8516548676372662,-0.7110169830623978,-0.789702588664698,0.3926137236354583,-0.46412076843858874,-0.2336708947712829,-0.5720622024048939,-0.5699994726616253,-0.717626131245614,-0.21311172328614292,0.09596185878160779,-0.14624543608422946,-0.6273528785750901,-0.0027349653689564546,-0.4582629109517239,0.6897340825616747
2025-01-08,-0.5971576391724838,-0.6649314603042162,-0.6163772772168179,-0.6348704356361716,-0.6032334215420548,-0.3941018596401352,-0.23082032240197092,-0.16110721170164255,0.045755663298248095,-0.30057146555473035,-0.23082032240197092,-0.8989909811539579,-0.747585962216114,-0.6673708924914992,-0.5402003243555893,-0.6466932671241176,-0.45729992015482346,-0.3941018596401352,-0.7018005135559253,-0.7485421264765557,-0.7497184478170408,-0.026738794012828415,-0.6495107113492007,-0.6565755172062169,-0.6224689453428784,-0.5075486152968265,0.6325228934079188
2025-01-10,-0.6993451041133967,-0.6272426513955249,-0.6478614666686962,-0.635950449177136,-0.2545578045386704,-0.12232785427801629,-0.27281245263215015,-0.18313083637559002,0.0048222111199496265,-0.33540166466955723,-0.27281245263215015,-0.9303804167001164,-0.7853782883498361,-0.9260174549671211,0.1469484807454564,-0.6069530099409073,-0.1554799659869931,-0.1223278542780164,-0.5148386179706568,-0.7875371424085464,-0.4025017400851757,0.013610862300341253,0.7344757498960321,-1.0,-0.5292773825752848,-0.5496076741789006,0.6605079871345383
2025-01-13,-0.6634708350418994,-0.6534608192952256,-0.6136625857023601,-0.6262257807531761,-0.6084178624198773,-0.07849048472674558,-0.3114826644763812,-0.2057500726899465,-0.037451604619910484,-0.3630364864207285,-0.3114826644763812,-0.945675918798188,-0.8243182460143408,-0.776119808620099,-0.4437877245599453,-0.6345982650013934,-0.5906867027221274,-0.07849048472674569,-0.459807104411739,-0.8060577781339564,-0.7210235106026769,-0.08598677696641022,0.1413357661804744,-0.9780802356347029,-0.7529384872730527,-0.5833064809896406,0.5888989009542256
2025-01-14,-0.6199865683281274,-0.6927879850077912,-0.6598041858184969,-0.6008336828291047,-0.20275733170008803,-0.015150149976459915,-0.34955664569820866,-0.22824837748045368,-0.09655974449133853,-0.3732880845053118,-0.34955664569820866,-0.94348625836345,-0.8617654909207801,-0.6902037443618446,-0.3862022607079477,-0.676066056766595,-0.23812665064324012,-0.015150149976460026,-0.5261321637157386,-0.7421150443347198,-0.683719984520637,-0.15654494063309188,-0.9281098566143914,0.2275569409244076,-0.9067077212255407,-0.606811018818497,0.5319194236235067
2025-01-15,-0.568349114360325,-0.5993863892406287,-0.5349507189206364,-0.5678777702094168,-0.4266548801185919,0.014704442439178456,-0.38095846544663403,-0.24926051942390848,-0.14665435582824116,-0.3804391491883138,-0.38095846544663403,-0.9253525205184124,-0.8914888375052417,-0.6943402781058605,-0.6986833972894253,-0.5775804971379563,-0.4734663761156028,0.014704442439178456,-0.2934236458817209,-0.5370955633949037,-0.7382418766044028,-0.24072946092299152,-0.04738872880630318,-0.846550501177822,-0.9533070407742826,-0.6199465974631813,0.46391162234722794
2025-01-16,-0.554760504379299,-0.619049703951631,-0.5588356869646665,-0.5630158493206443,-0.6109222109795034,-0.09852199354644942,-0.41511434110290446,-0.26688037864666514,-0.2228662653089588,-0.3671507448771383,-0.41511434110290446,-0.9033643781388407,-0.9152470266322442,-0.6342479489952217,-0.6601683001723369,-0.5983141102797989,-0.671716007881407,-0.09852199354644953,-0.17346171532844767,-0.5514007082221764,-0.8300661741839488,-0.352482807231674,-0.595584528404465,-0.4592920679342797,-0.8787509761023037,-0.6288529418420461,0.38717050877861503
2025-01-17,-0.5292132652742224,-0.5114469114173553,-0.4915232312102663,-0.4457796148010398,0.04587615073717921,0.3499386450488102,-0.4293388584932598,-0.2811667946672616,-0.24873185824087962,-0.36731252245205503,-0.4293388584932598,-0.8448845095127862,-0.9260382972926001,-0.4428769253896575,-0.2955155901783755,-0.4848543652583098,-0.08338646602446365,0.3499386450488102,0.01846556282628775,-0.26420811212857076,-0.4771100389713404,-0.3002207232600135,-0.5236943669863419,-0.8173278663759662,-0.347551411561255,-0.6142766890822204,0.38585980242817075
2025-01-21,-0.4210463384517321,-0.4284230586581188,-0.37264071772753815,-0.3598782392816583,-0.27156101318034254,0.21609600590563494,-0.4455224286663938,-0.2933010706818555,-0.3003802417968252,-0.34594829067762267,-0.4455224286663938,-0.7678839897229703,-0.9228813458499046,-0.3286107592930869,-0.6521176725987836,-0.39731142196746505,-0.380941642496922,0.21609600590563494,0.14106141089534208,-0.1289057589367767,-0.6636308155533919,-0.33372719815128704,-0.5866025269302486,-0.9634689179391409,-0.5339344754223448,-0.5847323673312935,0.33876659781820173
2025-01-22,-0.3933250839470187,-0.39674296100925677,-0.41986816343375655,-0.4193066766895893,-0.1637422172974916,-0.34478533223847596,-0.4555732665357407,-0.2950646299946079,-0.32158441638632806,-0.3432232520568985,-0.4555732665357407,-0.7208625920612918,-0.9130649529507668,-0.3603337788507287,0.05472399918396853,-0.36390693759638515,-0.27307949477654603,-0.34478533223847607,0.002106504923758301,-0.28529518366357975,-0.39676140532726334,-0.25002060928063874,0.3929752437497682,-0.3862187371304967,-0.7343030302414848,-0.5677568271837227,0.41058644703423397
2025-01-23,-0.43409150099317684,-0.4748506553425794,-0.41661119712070827,-0.42362879746948345,-0.6542869834067137,-0.1346575685483954,-0.4647439534043303,-0.29507948979355425,-0.34089976527793553,-0.3407678554278648,-0.4647439534043303,-0.6813280815405025,-0.8944592436905947,-0.14310867517878167,-0.6697784630235786,-0.44626612990500747,-0.7369616588850734,-0.1346575685483955,-0.059592769558505454,-0.14730989704642916,-0.8243258018191362,-0.3581099745813262,-0.2900325401751892,-0.546971100637617,-0.9719425035632832,-0.5521244222779039,0.3414362743455701
2025-01-24,-0.43300478350958327,-0.4868675038258581,-0.4176969024900137,-0.4284915450046708,-0.7982650576153945,-0.13676547473156486,-0.4759872959612752,-0.2976651456303888,-0.36876945474712675,-0.3336953346375784,-0.4759872959612752,-0.6482721385066229,-0.8670718785013459,-0.18664833516214008,-0.7689111142064862,-0.4589370702473815,-0.8681481681716049,-0.13676547473156508,-0.07535853830009087,-0.06492691030841302,-0.8817184095293764,-0.4760343405774955,-0.4338197113229677,-0.5396682495676133,-0.9952421650030976,-0.5378143931296647,0.26588630053535467
2025-01-27,-0.467248227899123,-0.49451414017753226,-0.4339820874832401,-0.440377067156974,-0.4249413784725319,-0.1639919033114099,-0.485470314795311,-0.29674037216447424,-0.39061794311051745,-0.32933773893619567,-0.485470314795311,-0.6227761704844741,-0.8334706152858746,0.04635404545830846,-0.6843878321073684,-0.46699992243085664,-0.47347873253875117,-0.16399190331141,-0.2815766736808516,-0.07825429983526921,-0.8358043171816029,-0.5588379223083342,-0.33496301896428093,-0.7588714434409555,-0.8321552025201545,-0.525943746855376,0.21498442870892687
2025-01-28,-0.46235597544849383,-0.5251020037946166,-0.5023798006783969,-0.4641481114615804,-0.5782338718854362,-0.21027586703031376,-0.4981048476569314,-0.29928862440341186,-0.4239546926365565,-0.31943255261744163,-0.4981048476569314,-0.6070605451534863,-0.7964818401352728,0.05151605232781664,-0.3366000343737363,-0.49925272112695906,-0.6337535157804532,-0.21027586703031387,-0.4490730530104937,-0.12020729569228361,-0.6349379008854299,-0.5457400778040282,-0.5776205364672535,0.11795259105392009,-0.9393251100256479,-0.518336283434399,0.2299396609148574
2025-01-29,-0.4460498169906524,-0.4912371461549754,-0.4356106637905697,-0.47603404693709106,-0.7361396389608096,-0.1643538780786522,-0.5128688159382984,-0.3008306690388419,-0.4711165691202973,-0.2998996729332828,-0.5128688159382984,-0.5956200679512202,-0.7584825486053037,-0.13447979919074826,-0.6430579224627087,-0.46354455758874236,-0.756635346916963,-0.1643538780786522,-0.37764926596416093,-0.16718727678997436,-0.809979304270964,-0.6083391505508896,-0.2900325534783563,-0.9415435802657891,-0.6970249979203358,-0.5123859674031237,0.19187015434708377
2025-01-30,-0.3172275961745482,-0.2629221943936687,-0.289586040103741,-0.17943207332952205,-0.19577151729692044,1.0431223509495005,-0.5102567310803279,-0.2954764862963314,-0.45629231681622895,-0.3096396867473631,-0.5102567310803279,-0.49508513206541316,-0.7114821318350251,0.6464855447956659,0.05537189394366271,-0.22280214188257175,-0.20279403897482506,1.043122350949501,0.08779582674706932,0.15339660261142507,0.3665416561084496,-0.1655415179224221,-0.8651948381897554,-0.6858037095284147,0.13239172934846644,-0.45360865523281513,0.39299038815575105
2025-01-31,-0.18405724598211648,-0.27056900857874455,-0.33844182733563466,-0.3280031668493495,0.16678785663351414,-0.663903443996556,-0.5073607258440045,-0.3036072051931994,-0.44781376173218157,-0.3127220816921916,-0.5073607258440045,-0.4594847778355544,-0.6629947800859436,0.4455750521990409,0.3721960807553051,-0.2308651815791395,0.057358796122984446,-0.663903443996556,-0.13435537707874445,-0.03414601801652983,-0.1643274192814035,-0.006062242945740426,-0.991011160703904,-0.2473916973975835,0.2721825992538027,-0.4273926683018511,0.538962397213729
2025-02-03,-0.4710530197662788,-0.5365723186436734,-0.48609479302845215,-0.5057482656410566,-0.22591157189171895,-0.7917912119308639,-0.5147427208453871,-0.31314617971487146,-0.45987103443824007,-0.3141307220345897,-0.5147427208453871,-0.48391964147771227,-0.6235646496777907,0.11139250359593267,-0.5890008445605686,-0.5113473793364627,-0.29654489500186376,-0.7917912119308639,-0.3914734789841665,-0.39183699219219725,-0.1758063530842081,0.12730357131725856,-0.6225510206924169,-0.6638839354425586,-0.6550863063835691,-0.43466733760848264,0.6880949408311139
2025-02-04,-0.5357361875269152,-0.5513199949191288,-0.4871805353747394,-0.5257378159210622,-0.29871342387944677,-0.19671248579706235,-0.5164746547026002,-0.3228047237815571,-0.4606931095509792,-0.31640725837580164,-0.5164746547026002,-0.507771233530391,-0.5951511368799167,0.06885107181471106,-0.7037970653701072,-0.5268977897901657,-0.3667677416063626,-0.19671248579706246,-0.38610107762067225,-0.5139724994574957,-0.8530232052547432,-0.043219607309039065,0.15032455538465572,-0.9634689192211872,-0.9812602357960363,-0.4434284949181735,0.5818922539735878
2025-02-05,-0.5754150590041249,-0.6534607591456865,-0.5881488944057636,-0.6083970842015138,0.24657552302440955,-0.44510087808462384,-0.5211877416718276,-0.33554549710322934,-0.4589674396178831,-0.32644525702504623,-0.5211877416718276,-0.5497006241992414,-0.5764541962317732,-0.07873270216916584,-0.702671901095175,-0.6345982015778409,0.11853882338105026,-0.44510087808462395,-0.4971010298121372,-0.5439025915077456,-0.6865893071701504,-0.1206922760561886,-0.8202643491656673,-0.6784952524595871,-0.6644075916973411,-0.4645377564175356,0.5589014412336217
2025-02-06,-0.5748716639195791,-0.6479990397391764,-0.6397193843837803,-0.6629636007206723,-0.3412873493930909,-0.3379600391096481,-0.5324310625073752,-0.3495882612084015,-0.4580269267398339,-0.3473113570501484,-0.5324310625073752,-0.5968853348685405,-0.567230061674239,-0.18995816396801057,-0.16677811371206286,-0.6288391940591078,-0.4811009939329699,-0.3379600391096482,-1.0002599402148864,-0.6035002129472224,-0.5545883115884542,-0.13206819453676866,-0.7393853791697435,-0.7223347987541536,-0.18912156802876734,-0.4914647458182786,0.5705993245461165
2025-02-07,-0.6656454198642778,-0.6742169001842873,-0.6391765394816975,-0.6667455080684805,-0.43056517874678,-0.13338661166304866,-0.5377404018204024,-0.36441486446198057,-0.45354775508236866,-0.3610777571802485,-0.5377404018204024,-0.6324097621647955,-0.5654973291478129,-0.20109118814013593,-0.39641718353452304,-0.6564841249298724,-0.5953126663273035,-0.13338661166304877,-0.8033272162955449,-0.6025209225117973,-0.6951963379913433,-0.2013306364528884,0.3300670124072955,-0.7807912230845703,-0.9346680280032599,-0.514402117104314,0.5242811650292174
2025-02-10,-0.6727111529812217,-0.7364842539640973,-0.7244023877680446,-0.7537268971288262,-0.2701550631117805,-0.4733578971542507,-0.5439866718655763,-0.38078258742506466,-0.4422779819648337,-0.38309214905514455,-0.5439866718655763,-0.683361182125864,-0.57211535522554,-0.4723834085686369,-0.17039005960154507,-0.7221407674447,-0.4631507910701097,-0.4733578971542507,-0.6805743932949992,-0.6923386383033177,-0.5718049640068019,-0.20922837101614988,-0.5776136858266878,-0.8100194184490914,-0.24503858556733737,-0.5486536033920513,0.549809421759097
2025-02-11,-0.8064252135810087,-0.8812295302989982,-0.8193998085639369,-0.8601580363602991,-0.4822777797060773,-0.5616968564941277,-0.5557694653135328,-0.4026372149190627,-0.4170013988190351,-0.42851555106360617,-0.5557694653135328,-0.7516553207181774,-0.587910218830658,-0.7120705535873226,-0.615911357707593,-0.8747647073930201,-0.6608833169950332,-0.5616968564941277,-0.8190742950022257,-0.7928492884691191,-0.6751089107016229,-0.2597163626131843,-0.748367356682466,-0.9707717900989502,-0.47336034474192024,-0.5963324165730897,0.5530868313537167
2025-02-12,-0.8760000674990842,-0.8823219197381666,-0.8307995898571463,-0.7861425963164284,-0.19045526860017026,0.19854550300440565,-0.5641735823655454,-0.42055934196731537,-0.40634465247354834,-0.4537650913213498,-0.5641735823655454,-0.7786084634941242,-0.6078990236656323,-0.5343071190336814,-0.4987579330739106,-0.875916556934404,-0.44973341836590985,0.19854550300440565,-0.5764619940749398,-0.6913802200483725,-0.7755437670953629,-0.3459037926746368,-0.9640515013478017,-0.9123153735121755,-0.31027341260441343,-0.6231296117971955,0.46492954091089755
2025-02-13,-0.6596661864093196,-0.6889646242925478,-0.6712038894525283,-0.6726882691446321,1.0,0.35870675042169053,-0.5679497603240224,-0.43543909288757876,-0.40510640870779613,-0.46166763349831186,-0.5679497603240224,-0.7610295411200987,-0.6369495592133924,-0.3565575254288661,-0.2312991541900774,-0.672034585819979,0.38030090944023276,0.35870675042169053,-0.3058451933302152,-0.8742180662822525,-0.2245898185792774,-0.18783554437380567,-0.011440266744698113,-0.43006385423877813,-0.832155210130924,-0.6242684140465372,0.5356679518491276
2025-02-14,-0.4536593282369811,-0.27930843298663055,-0.46275256185539426,-0.22157202761787664,1.0,1.2322162099270377,-0.5497503359153206,-0.44282581559901546,-0.36297798063773035,-0.47022227053466414,-0.5497503359153206,-0.6074320005989231,-0.6531106286239392,0.10595461481724189,1.5350914087990084,-0.24008030361825827,0.2702226732183115,1.7278596837495144,0.43716498983766194,-0.19737700419741444,1.3249761871511976,0.6038091371895316,-0.4338265291073925,-0.18893525949500245,0.9385124138573104,-0.5417986147080378,0.8857336074176636
2025-02-18,-0.12100486400194077,-0.08704307497189567,-0.16798947758085958,-0.09245027094596892,0.8628649483906485,0.3607056153895769,-0.5250206776402984,-0.44940213041071375,-0.2972153381247399,-0.4901066523458102,-0.5250206776402984,-0.44564507139433607,-0.6489296918532259,0.20576097898801748,0.4514227810697935,-0.037349705433565084,0.05138856903064282,0.3607056153895769,0.8121655579886613,0.17678221000695915,-0.0610232102310132,0.7043517239653783,0.581699764520744,0.315241612071689,-0.7995378089158399,-0.4455760949798423,0.8974713003325272
2025-02-19,-0.08458688409470994,-0.10943776174512987,-0.10501959013524531,-0.035722900698467175,-0.3259097705181937,0.08683041818004433,-0.5034709449799525,-0.45139494938491775,-0.23129331303532752,-0.5157891555146321,-0.5034709449799525,-0.3010105521576516,-0.6263441126133827,0.26316504540082386,-0.2845515030998107,-0.060963362582080904,-0.7539012606949035,0.08683041818004411,1.1192544856519713,0.2717321016270271,-0.5517202839111566,0.5841816075152708,-0.7303965247557158,-0.04279978212227009,-0.6224689136738948,-0.35101394350829773,0.8036206202817338
2025-02-20,-0.04273355535883494,-0.01985976298091474,-0.0045939934533469895,0.029648297785615396,0.0756647178148373,0.11534767701278437,-0.4830001358230259,-0.45314862926909527,-0.16391631631715375,-0.5447974308671066,-0.4830001358230259,-0.16886885612878855,-0.584743814057108,0.3118199725432349,-0.3897399024661595,0.03349047695080709,-0.4694295357997137,0.11534767701278437,1.0801019601098711,0.46512662597658694,-0.6119808717482107,0.45457560857845825,-0.3439587140869169,-0.8319447571643381,-0.41744327766221345,-0.25686842968037704,0.7033517103641684
2025-02-21,0.05510595424427267,-0.014943851626419868,-0.12076227970517861,-0.11676194200586865,-0.11998202141349823,-0.6336870659813505,-0.46710048602824483,-0.45798454857228177,-0.12832779953702778,-0.5510915125481289,-0.46710048602824483,-0.1115744833245137,-0.5317307043075649,-0.017599791015048605,0.5887414916753311,0.03867396741320883,-0.6168330458577933,-0.6336870659813506,0.6193083140490216,0.36044673510421243,0.027932798542478876,0.6125976488729485,-0.7393785198365652,-0.32045945616299853,0.500504300679798,-0.2007259676119273,0.8507976688119343
2025-02-24,-0.12100505721867572,-0.1946100826671816,-0.16608214400564458,-0.13626501087075182,-0.4721725135882877,-0.18869917358236155,-0.4519986414187256,-0.4632602142512744,-0.09805597955981382,-0.5536456354142418,-0.4519986414187256,-0.07549045900450879,-0.4708954189515008,0.10083778639680196,-0.47763806200361714,-0.15077171780321696,-0.8536914745837962,-0.18869917358236143,-0.16356239099504533,0.3414186374834862,-0.6763944160359747,0.45198976133742974,-0.7837201118246813,0.02579059679012219,-0.8410095995130278,-0.15524117068372445,0.7596304396374376
2025-02-25,-0.14280730935575192,-0.128336428416446,-0.13777658369021206,-0.0885910721583748,-0.5076727528194791,0.055692800779568286,-0.43413583349715945,-0.46944935100464313,-0.062106841571490046,-0.5568053220308238,-0.43413583349715945,-0.03627625718169514,-0.40021085866565254,0.33335824591056196,-0.1513937558203846,-0.0808907069499385,-0.868014327321275,0.055692800779568286,-0.28440593433448924,0.526389426690582,-0.4778469102440306,0.3966775268078069,-0.16190769848024855,-0.38452340588231537,-0.5793497226847776,-0.10743264681367681,0.7090052960748559
2025-02-26,-0.04905791625668443,-0.04563111005827192,-0.062112773084860184,-0.08479883173038127,-0.4364965305985261,-0.10426822326635243,-0.41544911127130657,-0.4742299577046364,-0.02775710990436908,-0.5569517476514968,-0.41544911127130657,-0.008225006008967917,-0.31900197421679266,0.3610687705648157,-0.11994623690920325,0.006316363720187734,-0.8209591640196157,-0.10426822326635266,-0.3599866067058217,0.6920119635866981,-0.4433184364371343,0.36332765828773095,0.47792517412309343,-0.6776128222326683,-0.6681251438381006,-0.065467991880648,0.6874401677564723
2025-02-27,-0.13626650896161752,-0.1392905925716872,-0.23630221024703246,-0.24244815617777826,-0.4350466445903215,-0.6861552172422655,-0.40379810153809814,-0.48323273945364487,-0.014522214767580532,-0.5491086883981589,-0.40379810153809814,-0.03768641840044651,-0.23806708152391054,0.2702972053038024,0.5975428134658787,-0.09244111974783409,-0.8087887068127152,-0.6861552172422655,-0.6731228208017126,0.37704342230844956,-0.01457086029654242,0.5155593778476111,0.3787954596648888,-0.4651215978514054,-0.05602640417981897,-0.056637900747740444,0.8386146621623671
2025-02-28,-0.2654445098030124,-0.23185482581940908,-0.23140292337934232,-0.18123044260496612,-0.7763849596733978,0.1099778586645701,-0.38830527178510343,-0.488418453545306,0.004305342016489799,-0.5398708513588292,-0.38830527178510343,-0.046191935247796745,-0.15998153216386046,0.37567141803031223,-0.20063160739850383,-0.19004373818406817,-0.9862192591351169,0.10997785866456988,-0.38346567260237896,0.29355738181864743,-0.5267659070547548,0.4311041633257944,-0.324119333465158,-0.7728626899647618,-0.32703331366533994,-0.03865631808527459,0.7630460357431927
2025-03-03,-0.026165738642271674,-0.04289277795674995,-0.1769688021347986,-0.20235869832138842,-0.48860455501460653,-0.19561611835053527,-0.3895101359475155,-0.4955319876958064,0.0018131103857030872,-0.5395923405711678,-0.3895101359475155,-0.06289333452127399,-0.10049865026290761,0.354837210241302,0.8591653723262671,0.009203746609659502,-0.6624862333973249,-0.19561611835053538,-0.3862052366312362,-0.2988588226339446,0.17821824094329797,0.6557475041812537,0.1444882368169793,-0.7215734396307071,0.5420553513410147,-0.02704402478585255,0.9105228864154904
2025-03-04,-0.2578137839315414,-0.29046048158656057,-0.3353722943001267,-0.3014992294973432,-0.42309606900754426,-0.48399385949907336,-0.3881172730952821,-0.4986400234005377,0.0035713276088076285,-0.538825391837912,-0.3881172730952821,-0.10923642732624284,-0.06375092803098692,0.34051071498819674,0.1989955754438273,-0.25183937195481887,-0.49210797032975695,-0.48399385949907336,-0.5969659273670446,-0.5510967144865982,-0.2850556136536174,0.6547169867195182,-0.09882577795354397,0.0697512141881611,-0.5886931904935901,-0.0344428831547644,0.9500091208875214
2025-03-05,-0.2714401395367926,-0.1951579162373167,-0.24174553931160947,-0.10809414102325798,-0.345505199598777,0.6111471357723093,-0.367219334390506,-0.5000211309248035,0.029597197336874492,-0.5269754146492533,-0.367219334390506,-0.09048476382932191,-0.04075406594506603,0.5758515078613031,0.21315780448502286,-0.15134937062911313,-0.41182008759356803,0.6111471357723091,-0.32353841569643194,-0.39949620861000434,-0.2044862476367626,0.6878623781720663,-0.9369180794732953,-0.7142448066946911,0.35515391152863973,-0.007891076775674244,0.8934535824488341
2025-03-06,-0.1368116796219716,-0.18694208418359748,-0.2020088633707492,-0.24244815617777826,-0.6318357182493637,-0.6044895197589956,-0.352331597589833,-0.500375062469894,0.039153295601350946,-0.5098204780706236,-0.352331597589833,-0.11930404240252401,-0.03533983524854145,0.38066742132750453,-0.10163523616523473,-0.1426863407206892,-0.6421126770660011,-0.6044895197589957,-0.2899748493846971,-0.6133553932453298,-0.4461943456873272,0.6144728643394515,-0.39621492132815794,-0.9267248508578977,-0.0606999205084543,-0.008426224715862518,0.9006626080800677
2025-03-07,-0.2578137839315414,-0.2877217316104619,-0.32394117867469896,-0.21373541960536901,-0.5912389100196349,-0.01104414115368113,-0.33159092179832106,-0.4995047884854795,0.0465365214540816,-0.48017092094597824,-0.33159092179832106,-0.1361307843449857,-0.03802225184174024,0.3305041466233385,0.12251274944955148,-0.24895154844534273,-0.5514785938685005,-0.01104414115368113,-0.33774087856977364,-0.4280593297461376,-0.3310943105130033,0.5994954544892455,-0.7026108566253859,0.5753206747017203,-0.672798660166736,-0.00440419019657734,0.8799692303007118
